REQUEST_ID,CREATED_ON,REQUEST_TYPE,REQUEST_ORIGIN,STATUS,DEPARTMENT,NEIGHBORHOOD,COUNCIL_DISTRICT,WARD,TRACT,PUBLIC_WORKS_DIVISION,PLI_DIVISION,POLICE_ZONE,FIRE_ZONE,X,Y,GEO_ACCURACY
95392,2016-08-09T18:57:00,Bike Lane Bollard,Call Center,1,DPW - Construction Division,Squirrel Hill South,5,14,42003980500,3,14,4,2-8,-79.9430475,40.4400754,EXACT
71333,2016-05-19T08:29:00,Traffic,Website,1,DOMI - Traffic,Greenfield,5,15,42003151700,3,15,4,2-15,-79.9383729809509,40.4269697028916,EXACT
34723,2015-11-19T11:28:00,Weeds/Debris,Report2Gov iOS,1,"Permits, Licenses and Inspections",Bon Air,4,18,42003562400,5,18,3,4-7,-79.998466,40.408394,EXACT
364664,2019-07-25T07:46:00,Litter,Call Center,1,DPW - Street Maintenance,Central Business District,6,2,42003020100,6,2,2,1-3,-79.9993827,40.4446187,EXACT
61318,2016-04-14T21:44:00,Excessive Noise/Disturbances,Website,1,Police - Zones 1-6,Central Business District,6,2,42003020100,6,2,2,1-3,-79.9969231845511,40.4447983373356,APPROXIMATE
14098,2015-07-17T15:06:00,Potholes,Call Center,1,DPW - Street Maintenance,Point Breeze,8,14,42003140600,3,14,4,3-14,-79.908172,40.4514681,EXACT
370722,2019-08-06T12:57:00,Sinkhole,Call Center,1,DPW - Street Maintenance,Polish Hill,7,6,42003060500,6,6,2,2-6,-79.9616579,40.4588001,EXACT
222893,2018-02-21T08:23:00,Potholes,Call Center,1,DPW - Street Maintenance,Brookline,4,19,42003191800,5,19,6,4-25,-80.0114074,40.3885493,EXACT
6588,2015-05-27T15:54:00,Overgrowth,Call Center,1,DPW - Street Maintenance,Squirrel Hill South,5,14,42003141300,3,14,4,2-21,-79.924923,40.43109,EXACT
172069,2017-07-21T07:08:00,Rodent control,Website,1,Animal Care & Control,East Allegheny,1,23,42003563200,1,23,1,1-5,-79.9973083212414,40.4573550969555,APPROXIMATE
296491,2018-10-19T09:25:00,Permit Parking (Residential Parking Permit),Call Center,1,Parking Authority,West Oakland,8,4,42003040200,3,4,4,2-14,-79.9619897985185,40.4409332700705,APPROXIMATE
77480,2016-06-08T12:19:00,Building Without a Permit,Control Panel,1,"Permits, Licenses and Inspections",,,,,,,,,,,OUT_OF_BOUNDS
110048,2016-10-11T12:57:00,Unpermitted HVAC Work,Control Panel,1,"Permits, Licenses and Inspections",,,,,,,,,,,OUT_OF_BOUNDS
114276,2016-11-02T14:18:00,Potholes,Call Center,1,DPW - Street Maintenance,Regent Square,5,14,42003141000,3,14,4,2-16,-79.8966806404754,40.4349965830856,EXACT
361809,2019-07-16T15:38:00,City Source (CDBG),Call Center,3,"City Source Associates, Inc.",Elliott,2,20,42003562600,5,20,6,1-17,-80.0411866018349,40.4397978375552,APPROXIMATE
260816,2018-06-19T09:01:00,"Traffic or Pedestrian Signal, Repair",Report2Gov Android,1,DOMI - TrafficShop,Homewood West,9,12,42003120700,2,12,5,3-17,-79.9047238379717,40.4562490928343,EXACT
34047,2015-11-17T08:23:00,Illegal Parking,Website,1,Police - Zones 1-6,Carrick,4,29,42003290200,3,29,3,4-12,-79.9881658036095,40.4038933225577,APPROXIMATE
259557,2018-06-14T17:06:00,Application Request,Call Center,1,311,,,,,,,,,,,OUT_OF_BOUNDS
279997,2018-08-14T09:35:00,Traffic Shop ,Call Center,1,DOMI - TrafficShop,Carrick,4,29,42003290200,3,29,3,4-12,-79.9878515424296,40.3991804764178,APPROXIMATE
219157,2018-02-13T21:52:00,Traffic,Website,0,Police - Zones 1-6,Central Business District,6,1,42003020100,6,1,2,1-4,-79.9988198005249,40.4366205147727,EXACT
240877,2018-04-19T09:07:00,Potholes,Call Center,1,DPW - Street Maintenance,Greenfield,5,15,42003151700,3,15,4,2-12,-79.9360602,40.4208774,EXACT
76644,2016-06-06T11:38:00,Vacant Building,Control Panel,3,"Permits, Licenses and Inspections",Homewood South,9,13,42003130400,2,13,5,3-17,-79.888417,40.449881,EXACT
334567,2019-04-23T14:11:00,Building Maintenance,Control Panel,1,"Permits, Licenses and Inspections",Central Oakland,3,4,42003040600,3,4,4,2-11,-79.952464842547,40.4365425402847,APPROXIMATE
108772,2016-10-05T10:27:00,City Source (CDBG),Call Center,1,"City Source Associates, Inc.",Homewood South,9,13,42003130400,2,13,5,3-17,-79.8858205030317,40.449539638303,APPROXIMATE
251871,2018-05-23T13:02:00,Broken Sidewalk,Website,0,"Permits, Licenses and Inspections",Sheraden,2,20,42003202200,5,20,6,1-16,-80.0656811892986,40.4527641703329,EXACT
193050,2017-10-12T13:09:00,Vacant Building,Control Panel,3,"Permits, Licenses and Inspections",Larimer,9,12,42003120400,2,12,5,3-12,-79.9075683,40.4618779,EXACT
236648,2018-04-06T14:58:00,Potholes,Call Center,1,DPW - Street Maintenance,Windgap,2,28,42003563000,5,28,6,1-16,-80.0747067,40.4589029,EXACT
199292,2017-11-16T13:31:00,Vacant Building,Control Panel,1,"Permits, Licenses and Inspections",Beltzhoover,3,18,42003562400,5,18,3,4-16,-80.0068772,40.4146772,EXACT
352574,2019-06-18T13:06:00,Sidewalk Closure Violation,Website,1,DOMI - Permits,Central Lawrenceville,7,9,42003090100,2,9,2,3-5,-79.9588678082036,40.4765852493584,APPROXIMATE
32798,2015-11-10T16:48:00,Building Maintenance,Call Center,1,"Permits, Licenses and Inspections",Troy Hill,1,24,42003240600,1,24,1,1-2,-79.9844248410358,40.4622347075028,APPROXIMATE
235423,2018-04-04T08:01:00,Sign,Control Panel,1,"Permits, Licenses and Inspections",South Side Flats,3,17,42003170200,3,17,3,4-24,-79.9775372,40.4283701,EXACT
80049,2016-06-17T11:05:00,Vacant Building,Control Panel,3,"Permits, Licenses and Inspections",Upper Lawrenceville,7,10,42003101100,2,10,2,3-5,-79.947948,40.480682,EXACT
373181,2019-08-14T09:11:00,Trail Maintenance,Website,0,DPW - Street Maintenance,Troy Hill,1,24,42003240600,1,24,1,1-2,-79.984467341304,40.4623166923405,APPROXIMATE
342923,2019-05-20T14:38:00,Weeds/Debris,Call Center,1,"Permits, Licenses and Inspections",Allentown,3,18,42003180300,5,18,3,4-5,-79.9939109,40.4225745,EXACT
139702,2017-03-17T10:59:00,Missed Pick Up,Call Center,1,DPW - Refuse,Troy Hill,1,24,42003240600,1,24,1,1-2,-79.9841640838323,40.4625537564412,APPROXIMATE
236256,2018-04-05T15:40:00,Potholes,Call Center,1,DPW - Street Maintenance,Carrick,4,29,42003290400,3,29,3,4-23,-79.9789171,40.3858783,EXACT
220695,2018-02-16T11:39:00,Sign,Control Panel,1,"Permits, Licenses and Inspections",Central Business District,6,2,42003020100,6,2,2,1-3,-79.9966352,40.443611,EXACT
113873,2016-11-01T09:03:00,Broken Sidewalk,Control Panel,3,"Permits, Licenses and Inspections",South Side Flats,3,16,42003160900,3,16,3,4-24,-79.9707885,40.428795,EXACT
142986,2017-04-04T08:51:00,Traffic,Control Panel,1,DOMI - Traffic,North Shore,1,22,42003981200,6,22,1,1-7,-80.0090667,40.4474601,EXACT
94614,2016-08-08T09:14:00,Refuse Violations,Call Center,1,DPW - Refuse,Arlington,3,16,42003561600,3,16,3,4-8,-79.9735270279249,40.4147882442726,APPROXIMATE
109704,2016-10-10T13:51:00,Junk Vehicles,Call Center,1,"Permits, Licenses and Inspections",Brookline,4,19,42003191700,5,19,6,4-26,-80.0111717379492,40.4042348701067,APPROXIMATE
247473,2018-05-11T06:50:00,Abandoned Vehicle (parked on street),Report2Gov iOS,1,Police - AVU,,,,,,,,,,,OUT_OF_BOUNDS
377696,2019-08-27T16:59:00,Abandoned Vehicle (parked on street),Report2Gov iOS,0,Police - AVU,Brighton Heights,1,27,42003270800,1,27,1,1-14,-80.0296970141787,40.480070465305,APPROXIMATE
177129,2017-08-07T11:43:00,Excessive Noise/Disturbances,Call Center,1,Police - Zones 1-6,Central Business District,6,1,42003020100,6,1,2,1-4,-80.0034014449315,40.4387646903133,APPROXIMATE
166020,2017-06-29T09:18:00,City Source (CDBG),Call Center,1,"City Source Associates, Inc.",Garfield,9,10,42003101600,2,10,5,3-4,-79.9393559643564,40.4701860614791,APPROXIMATE
234751,2018-04-03T08:07:00,Abandoned Vehicle (parked on street),Call Center,0,Police - AVU,Spring Garden,1,26,42003241200,1,26,1,1-11,-79.9896036623215,40.4741325045119,APPROXIMATE
132680,2017-02-20T08:17:00,Potholes,Call Center,1,DPW - Street Maintenance,Crawford-Roberts,6,3,42003030500,3,3,2,2-1,-79.9848542,40.4444068,EXACT
54830,2016-03-14T13:16:00,Building Maintenance,Control Panel,1,"Permits, Licenses and Inspections",Shadyside,8,7,42003070300,2,7,4,3-22,-79.932550805896,40.4500362766966,APPROXIMATE
318072,2019-02-13T10:03:00,Speeding,Control Panel,0,Police - Zones 1-6,Brookline,4,19,42003191900,5,19,6,4-26,-80.0232737116394,40.3969320588265,EXACT
230688,2018-03-19T13:20:00,Litter,Call Center,1,DPW - Street Maintenance,Middle Hill,6,5,42003050100,3,5,2,2-5,-79.9743332,40.4469848,EXACT
92478,2016-07-31T21:38:00,Street Light - Repair,Report2Gov iOS,1,Allegheny City Electric,Garfield,9,9,42003101700,2,9,5,3-4,-79.946274,40.466248,EXACT
207898,2018-01-11T13:46:00,Fire Safety System Not Working,Control Panel,1,"Permits, Licenses and Inspections",East Allegheny,1,23,42003563200,1,23,1,1-20,-79.9976167941755,40.4530070747886,APPROXIMATE
152417,2017-05-10T11:05:00,Tree Removal,Website,1,DPW - Forestry Division,Brookline,4,19,42003191700,5,19,6,4-26,-80.0137761,40.4003965,EXACT
199238,2017-11-16T09:21:00,Handicapped Parking Application,Call Center,1,311,Hazelwood,5,15,42003562900,3,15,4,2-13,-79.9430604553309,40.4158673537635,APPROXIMATE
355473,2019-06-27T09:01:00,Sidewalk Obstruction,Report2Gov iOS,1,DOMI - Permits,Beechview,4,19,42003192000,5,19,6,4-28,-80.024452,40.410202,EXACT
113829,2016-11-01T07:01:00,Barking Dog,Website,1,Animal Care & Control,,,,,,,,,,,OUT_OF_BOUNDS
284086,2018-08-28T10:32:00,Weeds/Debris,Control Panel,1,"Permits, Licenses and Inspections",Middle Hill,6,5,42003050100,3,5,2,2-5,-79.9769202,40.4479672,EXACT
174344,2017-07-28T11:55:00,Boat/Trailer on Street,Website,1,Police - Zones 1-6,Duquesne Heights,2,19,42003191100,5,19,3,4-1,-80.023127239481,40.4333363675355,APPROXIMATE
111847,2016-10-20T08:05:00,Weeds/Debris,Call Center,1,"Permits, Licenses and Inspections",Spring Hill-City View,1,24,42003262000,1,24,1,1-24,-79.991364,40.4624002,EXACT
32875,2015-11-12T08:34:00,Missed Blue Bag,Call Center,1,DPW - Refuse,Overbrook,4,32,42003320400,5,32,3,4-23,-79.9951611706848,40.391213503152,APPROXIMATE
43474,2016-01-25T14:06:00,Utility Pole,Call Center,1,DOMI - Permits,Bloomfield,7,8,42003080400,2,8,5,3-1,-79.9475997,40.4595988,EXACT
353039,2019-06-19T13:01:00,Street Light - Repair,Call Center,1,Allegheny City Electric,Allegheny West,1,22,42003562700,1,22,1,1-8,-80.0188939,40.4515129,EXACT
251197,2018-05-22T09:33:00,Potholes,Website,1,DPW - Street Maintenance,North Shore,1,22,42003981200,6,22,1,1-7,-80.0170862674713,40.4482125791758,EXACT
55864,2016-03-17T13:05:00,Building Maintenance,Control Panel,1,"Permits, Licenses and Inspections",Homewood West,9,12,42003120700,2,12,5,3-17,-79.9052070642281,40.4567629571436,APPROXIMATE
348657,2019-06-06T10:31:00,Potholes,Call Center,1,DPW - Street Maintenance,Brookline,4,19,42003191800,5,19,6,4-26,-80.0215008,40.3919086,EXACT
89135,2016-07-19T04:03:00,"Graffiti, Removal",Report2Gov iOS,1,DPW - 2nd Division,South Oakland,3,4,42003040900,3,4,4,2-11,-79.956566,40.433041,EXACT
210824,2018-01-18T21:23:00,Potholes,Report2Gov iOS,1,DPW - Street Maintenance,Highland Park,7,11,42003110200,2,11,5,3-9,-79.916222,40.478466,EXACT
97822,2016-08-18T12:18:00,Potholes,Report2Gov Android,1,DPW - Street Maintenance,East Allegheny,1,23,42003563200,1,23,1,1-6,-80.0015140324831,40.4563368513606,EXACT
34484,2015-11-18T12:03:00,Paving Request,Call Center,1,DOMI - Asphalt,Overbrook,4,32,42003320700,5,32,3,4-25,-79.9996868433777,40.3863956574953,EXACT
120894,2016-12-14T11:21:00,Snow/Ice removal,Text Message,1,DPW - Street Maintenance,Mount Washington,3,18,42003562400,5,18,3,4-5,-80.0024429,40.4215626,EXACT
254353,2018-05-31T11:33:00,Weeds/Debris,Call Center,1,"Permits, Licenses and Inspections",East Liberty,9,11,42003111500,2,11,5,3-8,-79.923948235582,40.4655640375432,EXACT
102075,2016-09-05T22:19:00,Paving Concern/Problem,Website,1,DOMI - Asphalt,Brookline,4,19,42003191700,5,19,6,4-26,-80.0192386,40.4010181,EXACT
198845,2017-11-14T13:23:00,Missed Blue Bag,Call Center,1,DPW - Refuse,Squirrel Hill North,8,14,42003140300,3,14,4,2-18,-79.9247158229902,40.4399496831134,APPROXIMATE
78787,2016-06-14T10:14:00,Weeds/Debris,Call Center,1,"Permits, Licenses and Inspections",Knoxville,3,30,42003300100,5,30,3,4-7,-79.9943975,40.40944,EXACT
184082,2017-08-31T15:40:00,Potholes,Call Center,1,DPW - Street Maintenance,Hays,5,31,42003562900,3,31,4,4-20,-79.9329926111145,40.3856415094371,EXACT
294987,2018-10-11T12:10:00,Illegal Parking,Call Center,0,Police - Zones 1-6,Shadyside,8,7,42003070600,2,7,4,3-11,-79.9273532296351,40.4519075538713,APPROXIMATE
118807,2016-12-02T11:29:00,Traffic,Call Center,1,Police - Zones 1-6,Bloomfield,7,9,42003090300,2,9,5,3-6,-79.9514647,40.464101,EXACT
127258,2017-01-24T14:07:00,Drug Enforcement,Website,0,Police - Zones 1-6,Brookline,4,19,42003191800,5,19,6,4-26,-80.0201435498499,40.392180373003,APPROXIMATE
350084,2019-06-10T22:48:00,"City Steps, Need Cleared",Website,1,DPW - Street Maintenance,Beechview,4,19,42003191600,5,19,6,4-28,-80.020124,40.4099457,EXACT
381352,2019-09-10T09:01:00,Pruning (city tree),Call Center,3,DPW - Forestry Division,Perry South,1,26,42003261500,1,26,1,1-23,-80.0132081,40.474678,EXACT
200311,2017-11-27T09:51:00,Street Cleaning/Sweeping,Call Center,1,DPW - Street Maintenance,Central Lawrenceville,7,6,42003090100,2,6,2,3-3,-79.963721,40.4698595,EXACT
68273,2016-05-11T10:40:00,Leak,Call Center,1,Pittsburgh Water and Sewer Authority,Arlington,3,16,42003561600,3,16,3,4-8,-79.976021935582,40.4168710102486,EXACT
378811,2019-08-30T16:53:00,Check Conditions,Call Center,1,Animal Care & Control,Knoxville,3,30,42003300100,5,30,3,4-6,-79.9927740088018,40.4149638273337,APPROXIMATE
38358,2015-12-22T11:41:00,Refuse Violations,Call Center,1,DPW - Refuse,Carrick,4,29,42003290200,3,29,3,4-12,-79.984296094437,40.3951107365829,APPROXIMATE
187783,2017-09-19T07:12:00,Request New Sign,Call Center,1,DOMI - Traffic,South Side Slopes,3,17,42003170600,3,17,3,4-6,-79.9878668,40.4223971,EXACT
186309,2017-09-12T15:27:00,Weeds/Debris,Call Center,1,"Permits, Licenses and Inspections",Carrick,4,29,42003290200,3,29,3,4-12,-79.9841106,40.4001355591956,EXACT
141914,2017-03-29T11:34:00,Missed Pick Up,Website,1,DPW - Refuse,East Allegheny,1,23,42003563200,1,23,1,1-5,-79.9969271476679,40.4572963057409,APPROXIMATE
110857,2016-10-14T14:06:00,Building Maintenance,Website,1,"Permits, Licenses and Inspections",Squirrel Hill South,5,14,42003141300,3,14,4,2-21,-79.9253967996638,40.4322236161278,APPROXIMATE
143448,2017-04-05T13:02:00,Weeds/Debris,Control Panel,3,"Permits, Licenses and Inspections",Carrick,4,29,42003290200,3,29,3,4-12,-79.9805642,40.4057524,EXACT
268048,2018-07-08T10:42:00,Utility Cut - Other,Website,0,DOMI - Permits,Brookline,4,32,42003320600,5,32,6,4-25,-80.0031387805939,40.4012540172467,EXACT
230156,2018-03-16T11:56:00,Sign,Control Panel,1,"Permits, Licenses and Inspections",Overbrook,4,32,42003320400,5,32,3,4-23,-79.9961543,40.3903983,EXACT
217170,2018-02-09T00:11:00,Replace/Repair a Sign,Website,1,DOMI - TrafficShop,Squirrel Hill South,5,14,42003141300,3,14,4,2-21,-79.9276963,40.4367864,EXACT
295135,2018-10-11T17:59:00,Abandoned Vehicle (parked on street),Website,0,Police - AVU,Crawford-Roberts,6,3,42003030500,3,3,2,2-1,-79.9858156113353,40.4443064243789,APPROXIMATE
371630,2019-08-08T14:34:00,Abandoned Vehicle (parked on street),Control Panel,0,Police - AVU,Garfield,9,11,42003111400,2,11,5,3-4,-79.9334556684156,40.4667912416016,APPROXIMATE
332272,2019-04-12T13:51:00,Maintenance Issue,Call Center,3,DOMI - TrafficShop,Mount Washington,2,19,42003191500,5,19,3,4-27,-80.0087107095377,40.4229090472599,APPROXIMATE
80179,2016-06-17T13:22:00,Building Without a Permit,Control Panel,1,"Permits, Licenses and Inspections",,,,,,,,,,,OUT_OF_BOUNDS
47439,2016-02-16T11:58:00,Building Maintenance,Control Panel,1,"Permits, Licenses and Inspections",Carrick,4,29,42003290200,3,29,3,4-12,-79.9824107201882,40.3915124174937,APPROXIMATE
216817,2018-02-08T11:59:00,Building Maintenance,Call Center,1,"Permits, Licenses and Inspections",Shadyside,8,7,42003070900,2,7,4,3-22,-79.9380791389738,40.4543913628867,APPROXIMATE
302957,2018-11-28T14:40:00,Building Maintenance,Call Center,1,"Permits, Licenses and Inspections",Brighton Heights,1,27,42003270300,1,27,1,1-14,-80.0351491386862,40.4781721753529,APPROXIMATE
82315,2016-06-23T14:41:00,Paving Request,Call Center,1,DOMI - Asphalt,Stanton Heights,7,10,42003101800,2,10,5,3-7,-79.929966,40.4863944,EXACT
152912,2017-05-11T15:45:00,Building Without a Permit,Control Panel,3,"Permits, Licenses and Inspections",Central Northside,6,25,42003250300,1,25,1,1-21,-80.0120547574511,40.4587157350827,APPROXIMATE
265309,2018-07-02T09:21:00,Potholes,Call Center,1,DPW - Street Maintenance,Greenfield,5,15,42003151600,3,15,4,2-12,-79.941327,40.4238849,EXACT
362112,2019-07-17T12:39:00,Potholes,Website,1,DPW - Street Maintenance,Allegheny Center,1,22,42003562700,1,22,1,1-6,-80.0046702957703,40.4531991835773,EXACT
201797,2017-12-06T07:45:00,Drainage/Leak,Call Center,0,DPW - Street Maintenance,Spring Hill-City View,1,24,42003262000,1,24,1,1-24,-79.9975869,40.4623593,EXACT
12449,2015-07-08T15:17:00,Potholes,Call Center,1,DPW - Street Maintenance,Brookline,4,19,42003191700,5,19,6,4-26,-80.017511,40.404742,EXACT
144256,2017-04-10T11:13:00,Illegal Dumping,Call Center,1,DOMI - Permits,Garfield,9,10,42003101700,2,10,5,3-4,-79.943195216619,40.4673116529224,APPROXIMATE
220168,2018-02-15T13:42:00,Sign,Control Panel,1,"Permits, Licenses and Inspections",Central Business District,6,2,42003020100,6,2,2,1-3,-80.002267,40.442279,EXACT
193398,2017-10-13T16:06:00,Patrol,Call Center,0,Police - Zones 1-6,Brookline,4,19,42003191800,5,19,6,4-26,-80.0203942588099,40.3924425342527,APPROXIMATE
87919,2016-07-14T08:37:00,Weeds/Debris,Report2Gov Android,1,"Permits, Licenses and Inspections",Knoxville,3,30,42003300100,5,30,3,4-7,-79.9964197962952,40.4121621839154,EXACT
342775,2019-05-20T12:05:00,City Source (CDBG),Call Center,1,"City Source Associates, Inc.",Greenfield,5,15,42003151600,3,15,4,2-12,-79.945981757275,40.4266334833924,APPROXIMATE
154887,2017-05-18T18:08:00,Paving Request,Website,1,DOMI - Asphalt,North Oakland,8,4,42003982200,3,4,4,2-8,-79.9519300460815,40.4431013668,EXACT
223859,2018-02-23T08:22:00,Potholes,Website,1,DPW - Street Maintenance,Central Business District,6,1,42003020100,6,1,2,1-4,-80.0039178,40.4411485,EXACT
296003,2018-10-17T08:09:00,Potholes,Report2Gov iOS,0,DPW - Street Maintenance,Spring Hill-City View,1,24,42003262000,1,24,1,1-11,-79.988968,40.464691,EXACT
61465,2016-04-15T11:52:00,Paving Request,Website,1,DOMI - Asphalt,Lincoln Place,5,31,42003310200,3,31,4,4-20,-79.9046027,40.3650158,EXACT
12479,2015-07-08T18:04:00,Illegal Dumping,Control Panel,1,DOMI - Permits,Morningside,7,10,42003101400,2,10,5,3-7,-79.9239756027196,40.486805701823,APPROXIMATE
229166,2018-03-12T17:01:00,Illegal Parking,Call Center,0,Police - Zones 1-6,Banksville,2,20,42003202300,5,20,6,4-9,-80.0411245431985,40.4077507157859,APPROXIMATE
8347,2015-06-09T11:46:00,Potholes,Call Center,1,DPW - Street Maintenance,Lower Lawrenceville,7,6,42003060300,2,6,2,3-3,-79.9658637,40.4681281,EXACT
2736,2015-04-30T09:08:00,Traffic Signals Surtrac,Call Center,1,DOMI - Traffic,Shadyside,8,7,42003070900,2,7,4,3-22,-79.9378003565042,40.4542965299166,APPROXIMATE
144656,2017-04-11T11:26:00,Referral,Call Center,1,311,,,,,,,,,,,OUT_OF_BOUNDS
320675,2019-02-22T10:04:00,Refuse Violations,Call Center,1,DPW - Refuse,Brighton Heights,1,27,42003270800,1,27,1,1-14,-80.0376049010018,40.4885396350012,APPROXIMATE
343003,2019-05-20T16:59:00,Weeds/Debris,Call Center,1,"Permits, Licenses and Inspections",Stanton Heights,9,10,42003100500,2,10,5,3-7,-79.9370836441803,40.4805166196802,EXACT
155238,2017-05-21T12:30:00,Abandoned Vehicle (parked on street),Website,1,Police - AVU,Beechview,4,19,42003192000,5,19,6,4-28,-80.0237805569881,40.4082497117501,APPROXIMATE
226760,2018-03-02T16:24:00,Refuse Violations,Call Center,1,DPW - Refuse,South Side Flats,3,17,42003170200,3,17,3,4-24,-79.9788838501424,40.4302495807503,APPROXIMATE
133804,2017-02-23T18:12:00,Potholes,Call Center,1,DPW - Street Maintenance,Crafton Heights,2,28,42003281400,5,28,6,1-17,-80.0490316,40.447039,EXACT
271882,2018-07-19T09:48:00,Potholes,Call Center,1,DPW - Street Maintenance,Perry North,1,26,42003260200,1,26,1,1-15,-80.010713,40.4890306,EXACT
172446,2017-07-23T12:21:00,Weeds/Debris,Website,3,"Permits, Licenses and Inspections",Homewood South,9,13,42003130400,2,13,5,3-17,-79.8857245202377,40.4536691819514,EXACT
88516,2016-07-15T16:55:00,Landslide,Call Center,1,DOMI - Structures,Bloomfield,7,8,42003080200,2,8,5,3-1,-79.9518086,40.4614121,EXACT
155049,2017-05-19T12:14:00,Sidewalk Obstruction,Website,1,DOMI - Permits,Squirrel Hill North,8,14,42003140100,3,14,4,2-26,-79.9341173,40.4449613,EXACT
138663,2017-03-09T18:30:00,Potholes,Call Center,1,DPW - Street Maintenance,Squirrel Hill South,5,14,42003141300,3,14,4,2-21,-79.9254067,40.4334271,EXACT
255168,2018-06-03T15:30:00,Traffic,Website,1,Police - Zones 1-6,Middle Hill,6,5,42003050100,3,5,2,2-1,-79.9770731,40.4458214,EXACT
170383,2017-07-17T08:59:00,Rodent control,Call Center,1,Animal Care & Control,Arlington,3,16,42003561600,3,16,3,4-8,-79.9637333945589,40.4123272220781,APPROXIMATE
119243,2016-12-05T15:10:00,Sinkhole,Website,1,DPW - Street Maintenance,Highland Park,7,11,42003110200,2,11,5,3-9,-79.9249717220902,40.4711203538403,EXACT
331657,2019-04-10T15:02:00,Litter,Call Center,1,DPW - Street Maintenance,Troy Hill,1,24,42003240600,1,24,1,1-1,-79.979739,40.465064,EXACT
150138,2017-05-02T16:39:00,Other (please describe),Website,1,Animal Care & Control,Beechview,4,19,42003191600,5,19,6,4-28,-80.0278833348906,40.4120454198598,APPROXIMATE
280700,2018-08-15T16:07:00,Street Cleaning/Sweeping,Call Center,1,DPW - Street Maintenance,Highland Park,7,11,42003110200,2,11,5,3-9,-79.9241745,40.4723366,EXACT
379073,2019-09-03T09:15:00,Potholes,Call Center,3,DPW - Street Maintenance,Regent Square,5,14,42003141000,3,14,4,2-16,-79.8989764,40.4290766,EXACT
9296,2015-06-16T11:26:00,Missed Pick Up,Call Center,1,DPW - Refuse,Crafton Heights,2,28,42003281500,5,28,6,1-17,-80.0496606311367,40.4405670321778,APPROXIMATE
34735,2015-11-19T12:00:00,Replace/Repair a Sign,Call Center,1,DOMI - TrafficShop,Bloomfield,7,8,42003080200,2,8,5,3-1,-79.9516446,40.462476,EXACT
324161,2019-03-08T15:38:00,Overgrowth,Call Center,3,DPW - Street Maintenance,Bon Air,4,18,42003562400,5,18,3,4-7,-79.9988736,40.4093795,EXACT
50922,2016-02-29T09:27:00,Weeds/Debris,Website,1,"Permits, Licenses and Inspections",Central Oakland,3,4,42003040500,3,4,4,2-14,-79.955617,40.438014,EXACT
345290,2019-05-28T16:01:00,Landslide,Call Center,0,DOMI - Construction,Elliott,2,20,42003562600,5,20,6,1-17,-80.0328759,40.444458,EXACT
295261,2018-10-12T12:27:00,"Traffic or Pedestrian Signal, Repair",Twitter,1,DOMI - TrafficShop,South Side Flats,3,17,42003170200,3,17,3,4-24,-79.9820347,40.4288496,EXACT
107614,2016-09-28T18:58:00,Dead Tree (3TB),Call Center,1,DPW - Construction Division,Morningside,7,10,42003101400,2,10,5,3-7,-79.9299342012125,40.4757062614926,APPROXIMATE
372940,2019-08-13T12:06:00,Potholes,Call Center,1,DPW - Street Maintenance,Homewood South,9,13,42003130400,2,13,5,3-17,-79.8861827,40.4520506,EXACT
40435,2016-01-11T18:26:00,Replace/Repair a Sign,Website,1,DOMI - TrafficShop,Troy Hill,1,24,42003240600,1,24,1,1-2,-79.981421963507,40.4675746256333,EXACT
189779,2017-09-27T09:32:00,Building Maintenance,Control Panel,3,"Permits, Licenses and Inspections",Squirrel Hill South,5,14,42003141300,3,14,4,2-21,-79.9252039156967,40.4319489577791,APPROXIMATE
215793,2018-02-06T09:20:00,Sidewalk Obstruction,Report2Gov iOS,3,DOMI - Permits,Troy Hill,1,24,42003240600,1,24,1,1-2,-79.984535,40.463959,EXACT
297231,2018-10-24T09:14:00,Missed Blue Bag,Call Center,1,DPW - Refuse,Westwood,2,20,42003563100,5,20,6,1-18,-80.0422290407524,40.4340770866942,APPROXIMATE
170170,2017-07-14T15:00:00,HVAC Not Functioning,Report2Gov iOS,1,"Permits, Licenses and Inspections",Central Business District,6,2,42003020100,6,2,2,1-3,-79.996955559557,40.4450660303444,APPROXIMATE
1669,2015-04-23T10:07:00,Potholes,Call Center,1,DPW - Street Maintenance,East Hills,9,13,42003130600,2,13,5,3-17,-79.8758533,40.4570928,EXACT
7741,2015-06-04T11:45:00,Refuse Violations,Call Center,1,DPW - Refuse,South Side Slopes,3,16,42003160800,3,16,3,4-22,-79.9758946704439,40.420810325649,APPROXIMATE
67928,2016-05-10T08:28:00,Weeds/Debris,Control Panel,3,"Permits, Licenses and Inspections",,,,42003560500,,,,3-21,-79.8952734,40.4355956,EXACT
197165,2017-11-03T13:47:00,Junk Vehicles,Website,3,"Permits, Licenses and Inspections",Manchester,6,21,42003210700,1,21,1,1-8,-80.026715331421,40.4574338147175,APPROXIMATE
369327,2019-08-01T11:47:00,Refuse Violations,Call Center,0,DPW - Refuse,Lincoln Place,5,31,42003310200,3,31,4,4-20,-79.9195440230828,40.367463419413,APPROXIMATE
112330,2016-10-23T15:48:00,Hydrant,Website,1,Pittsburgh Water and Sewer Authority,Squirrel Hill South,5,14,42003141300,3,14,4,2-21,-79.9276197410698,40.432388775074,EXACT
54437,2016-03-11T15:06:00,Tree Removal,Call Center,1,DPW - Forestry Division,Manchester,6,21,42003210700,1,21,1,1-8,-80.0268849,40.453669,EXACT
149997,2017-05-02T13:40:00,Litter,Call Center,1,DPW - Street Maintenance,Chateau,6,21,42003980600,1,21,1,1-8,-80.027197,40.448938,EXACT
20723,2015-08-24T11:07:00,"Traffic or Pedestrian Signal, Request ",Website,1,DOMI - Traffic,Bloomfield,7,8,42003080600,2,8,5,3-23,-79.9396174,40.4566141,EXACT
142575,2017-04-02T00:51:00,Potholes,Website,1,DPW - Street Maintenance,South Side Flats,3,17,42003170200,3,17,3,4-24,-79.9821736,40.4274874,EXACT
30354,2015-11-02T15:56:00,Building Without a Permit,Call Center,1,"Permits, Licenses and Inspections",Overbrook,4,32,42003320700,5,32,3,4-25,-80.0008842581724,40.385932451996,APPROXIMATE
66942,2016-05-05T13:31:00,Weeds/Debris,Call Center,1,"Permits, Licenses and Inspections",Marshall-Shadeland,1,27,42003270400,1,27,1,1-9,-80.025667,40.465956,EXACT
108460,2016-10-03T22:10:00,"Traffic or Pedestrian Signal, Request ",Report2Gov iOS,1,DOMI - Traffic,Bluff,6,1,42003010300,6,1,2,2-4,-79.98983,40.434452,EXACT
28881,2015-10-23T09:30:00,Retaining Wall Maintenance,Control Panel,3,"Permits, Licenses and Inspections",Mount Washington,2,19,42003191400,5,19,3,4-27,-80.0075750078518,40.4290832977077,APPROXIMATE
303807,2018-12-04T10:58:00,"Manhole Covers, PWSA",Call Center,1,Pittsburgh Water and Sewer Authority,Lincoln Place,5,31,42003310200,3,31,4,4-20,-79.9165537,40.3683497,EXACT
169596,2017-07-13T08:05:00,Fire Safety System Not Working,Control Panel,1,"Permits, Licenses and Inspections",Duquesne Heights,2,19,42003191100,5,19,3,4-1,-80.0253090034502,40.4395876282642,APPROXIMATE
89580,2016-07-20T10:04:00,Missed Pick Up,Call Center,1,DPW - Refuse,Marshall-Shadeland,1,27,42003270400,1,27,1,1-9,-80.0282746027341,40.4653898206239,APPROXIMATE
126780,2017-01-23T09:58:00,Thank You - Police,Call Center,1,Police - Zones 1-6,Central Business District,6,2,42003020100,6,2,2,1-4,-79.9960676867222,40.4396682971981,APPROXIMATE
319448,2019-02-18T15:15:00,Snow/Ice removal,Call Center,1,DPW - Street Maintenance,Greenfield,5,15,42003151700,3,15,4,2-12,-79.9383823,40.4213692,EXACT
295430,2018-10-14T19:17:00,Street Light - Repair,Website,1,Allegheny City Electric,Shadyside,8,7,42003070500,2,7,4,3-11,-79.9318708142639,40.4566352672866,EXACT
117148,2016-11-18T13:31:00,Replace/Repair a Sign,Call Center,1,DOMI - TrafficShop,Upper Hill,6,5,42003050600,3,5,2,2-24,-79.9631841,40.4554915,EXACT
222595,2018-02-20T13:40:00,Paving Request,Call Center,1,DOMI - Asphalt,New Homestead,5,31,42003310300,3,31,4,4-20,-79.9183363,40.3792769,EXACT
214344,2018-01-29T16:46:00,Replace/Repair a Sign,Report2Gov iOS,1,DOMI - TrafficShop,South Side Slopes,3,16,42003160800,3,16,3,4-22,-79.973595,40.423256,EXACT
162681,2017-06-16T13:09:00,Weeds/Debris,Call Center,1,"Permits, Licenses and Inspections",South Side Slopes,3,16,42003160800,3,16,3,4-24,-79.9719879,40.4231325,EXACT
242305,2018-04-24T12:40:00,Maintenance Issue,Twitter,1,DOMI - TrafficShop,Greenfield,5,15,42003151700,3,15,4,2-15,-79.9344039502517,40.4270818279648,APPROXIMATE
45325,2016-02-04T15:56:00,Litter,Website,1,DPW - Street Maintenance,Stanton Heights,9,10,42003100500,2,10,5,3-7,-79.937155,40.474706,EXACT
83391,2016-06-28T08:26:00,Shelters,Call Center,3,DPW - Park Maintenance,South Side Flats,3,16,42003160900,3,16,3,4-24,-79.9745354,40.4293129,EXACT
221418,2018-02-19T10:04:00,Potholes,Call Center,1,DPW - Street Maintenance,Brookline,4,19,42003191900,5,19,6,4-26,-80.0305831432343,40.3953180562565,EXACT
285207,2018-08-31T13:16:00,Request New Sign,Twitter,0,,South Side Flats,3,17,42003170200,3,17,3,4-24,-79.9808162,40.4260623,EXACT
124910,2017-01-11T08:52:00,Speeding,Call Center,1,Police - Zones 1-6,Brookline,4,19,42003191800,5,19,6,4-26,-80.0109603,40.3905443,EXACT
252547,2018-05-25T08:56:00,"Catch Basin, Clogged",Call Center,0,Pittsburgh Water and Sewer Authority,Central Lawrenceville,7,9,42003090100,2,9,2,3-5,-79.958386842328,40.4780960218702,EXACT
87633,2016-07-13T11:06:00,Sinkhole,Call Center,1,DPW - Street Maintenance,Bloomfield,7,9,42003090300,2,9,5,3-6,-79.9509188857056,40.4657630751358,EXACT
10780,2015-06-25T10:10:00,Overgrowth,Call Center,1,DPW - Street Maintenance,Marshall-Shadeland,1,27,42003270400,1,27,1,1-14,-80.0306832,40.4667432,EXACT
154191,2017-05-17T08:17:00,Overgrowth,Call Center,3,DPW - Street Maintenance,Central Business District,6,2,42003020100,6,2,2,1-3,-80.0045498021301,40.443977,EXACT
193491,2017-10-16T08:15:00,Weeds/Debris,Call Center,1,"Permits, Licenses and Inspections",Greenfield,5,15,42003151600,3,15,4,2-12,-79.942639,40.4213312,EXACT
53609,2016-03-08T16:21:00,Potholes,Call Center,1,DPW - Street Maintenance,Hazelwood,5,15,42003562900,3,15,4,2-12,-79.95251,40.424842,EXACT
163247,2017-06-19T15:33:00,Fence Maintenance,Website,1,"Permits, Licenses and Inspections",South Side Flats,3,17,42003170200,3,17,3,4-24,-79.9791872549923,40.4270448663896,APPROXIMATE
96021,2016-08-12T10:26:00,Litter,Call Center,1,DPW - Street Maintenance,Perry North,1,26,42003260700,1,26,1,1-15,-80.0115079,40.4781809,EXACT
257482,2018-06-08T17:48:00,Potholes,Call Center,1,DPW - Street Maintenance,Lincoln Place,5,31,42003310200,3,31,4,4-20,-79.9187783,40.3678187,EXACT
193750,2017-10-16T17:40:00,Junk Vehicles,Call Center,1,"Permits, Licenses and Inspections",Allentown,3,18,42003180300,5,18,3,4-6,-79.9927415120873,40.4193884088251,APPROXIMATE
284226,2018-08-28T15:00:00,Street Cleaning/Sweeping,Call Center,1,DPW - Street Maintenance,Oakwood,2,28,42003562800,5,28,6,1-19,-80.0653797055572,40.4292491741135,EXACT
109098,2016-10-06T12:43:00,Overgrowth,Call Center,1,DPW - Street Maintenance,Upper Hill,6,5,42003050600,3,5,2,2-22,-79.9583821074096,40.4537244845032,EXACT
57905,2016-03-29T08:54:00,Tree Issues,Control Panel,1,"Permits, Licenses and Inspections",Homewood North,9,13,42003130200,2,13,5,3-17,-79.8954837899856,40.4589086270085,APPROXIMATE
236352,2018-04-06T07:53:00,Fire Safety System Issue,Control Panel,1,,,,,,,,,,,,OUT_OF_BOUNDS
349791,2019-06-10T12:09:00,Potholes,Call Center,1,DPW - Street Maintenance,Crafton Heights,2,28,42003281500,5,28,6,1-18,-80.0579914,40.4428918,EXACT
11654,2015-07-02T07:51:00,Potholes,Call Center,1,DPW - Street Maintenance,Beechview,4,19,42003192000,5,19,6,4-28,-80.02228,40.405415,EXACT
232258,2018-03-22T12:47:00,Snow/Ice removal,Call Center,1,DPW - Street Maintenance,Brookline,4,32,42003191800,5,32,6,4-25,-80.0080418,40.3848768,EXACT
102700,2016-09-07T16:30:00,Weeds/Debris,Call Center,3,"Permits, Licenses and Inspections",Arlington,3,16,42003561600,3,16,3,4-8,-79.9770147,40.416773,EXACT
131118,2017-02-09T16:19:00,Potholes,Call Center,1,DPW - Street Maintenance,South Side Flats,3,17,42003170200,3,17,3,4-24,-79.9776208,40.428573,EXACT
133215,2017-02-21T15:47:00,Abandoned Vehicle (parked on street),Call Center,0,Police - AVU,East Allegheny,1,23,42003563200,1,23,1,1-20,-79.9980459580603,40.4527135878968,APPROXIMATE
220341,2018-02-15T16:56:00,Illegal Parking,Call Center,0,Police - Zones 1-6,North Oakland,8,4,42003562000,3,4,4,2-9,-79.9510499236859,40.4507660200354,APPROXIMATE
126491,2017-01-20T10:01:00,Pedestrian/Bicycle Concerns,Website,1,DOMI - Traffic,Central Business District,6,2,42003020100,6,2,2,1-4,-80.002174,40.441002,EXACT
23023,2015-09-10T15:03:00,Tree Removal,Call Center,1,DPW - Forestry Division,Manchester,6,21,42003210700,1,21,1,1-8,-80.0268849,40.453669,EXACT
26000,2015-10-01T10:28:00,"Catch Basin, Clogged",Call Center,1,Pittsburgh Water and Sewer Authority,Westwood,2,28,42003563100,5,28,6,1-18,-80.048486,40.428818,EXACT
22410,2015-09-04T14:05:00,Street Cleaning/Sweeping,Call Center,1,DPW - Street Maintenance,Sheraden,2,20,42003562500,5,20,6,1-16,-80.0553168,40.4565057,EXACT
218923,2018-02-13T12:52:00,Potholes,Call Center,1,DPW - Street Maintenance,Brookline,4,32,42003320600,5,32,6,4-26,-80.0108058,40.3929252,EXACT
280600,2018-08-15T13:47:00,Potholes,Call Center,1,DPW - Street Maintenance,Homewood South,9,13,42003130400,2,13,5,3-17,-79.8910686,40.4517188,EXACT
190475,2017-09-29T14:26:00,Request New Sign,Call Center,1,DOMI - Traffic,Hazelwood,5,15,42003562900,3,15,4,2-13,-79.944636,40.4149764,EXACT
301339,2018-11-19T08:25:00,Replace/Repair a Sign,Call Center,1,DOMI - TrafficShop,Central Oakland,3,4,42003040600,3,4,4,2-11,-79.953927,40.4381015,EXACT
279784,2018-08-13T14:55:00,Street Cleaning/Sweeping,Call Center,3,DPW - Street Maintenance,Lincoln-Lemington-Belmar,9,12,42003561900,2,12,5,3-18,-79.891928,40.4725148,EXACT
75943,2016-06-02T15:58:00,Overgrowth,Call Center,1,DPW - Street Maintenance,Marshall-Shadeland,1,27,42003271500,1,27,1,1-14,-80.0286108,40.4734112,EXACT
289054,2018-09-17T16:29:00,City Source (CDBG),Call Center,1,"City Source Associates, Inc.",Sheraden,2,20,42003202200,5,20,6,1-16,-80.0633643829428,40.4514256183728,APPROXIMATE
324035,2019-03-08T10:38:00,Potholes,Call Center,1,DPW - Street Maintenance,Hazelwood,5,15,42003562300,3,15,4,2-13,-79.9417037944427,40.4056756854084,EXACT
249379,2018-05-16T18:50:00,Weeds/Debris,Website,1,"Permits, Licenses and Inspections",Shadyside,8,7,42003070500,2,7,4,3-11,-79.9296698797623,40.4576095515612,EXACT
295762,2018-10-16T08:19:00,Building Without a Permit,Report2Gov iOS,3,"Permits, Licenses and Inspections",South Side Flats,3,16,42003160900,3,16,3,4-24,-79.9698421352617,40.4291336471638,APPROXIMATE
261311,2018-06-19T20:28:00,Tree Removal,Website,1,DPW - Forestry Division,Regent Square,5,14,42003141000,3,14,4,2-16,-79.8973023,40.4298873,EXACT
320946,2019-02-23T13:58:00,Refuse Violations,Report2Gov iOS,1,DPW - Refuse,Shadyside,8,7,42003070900,2,7,4,3-22,-79.9377679766623,40.4544737103374,APPROXIMATE
312828,2019-01-23T16:27:00,Snow/Ice removal,Call Center,1,DPW - Street Maintenance,Marshall-Shadeland,1,27,42003271500,1,27,1,1-14,-80.029062,40.4768431,EXACT
256095,2018-06-05T12:59:00,Building Maintenance,Call Center,1,"Permits, Licenses and Inspections",,,,,,,,,,,OUT_OF_BOUNDS
236472,2018-04-06T10:40:00,Paving Request,Call Center,1,DOMI - Asphalt,Brookline,4,19,42003191800,5,19,6,4-25,-80.0093277306885,40.3865159693707,EXACT
347825,2019-06-04T12:45:00,Rodent control,Call Center,1,Animal Care & Control,Knoxville,3,30,42003300100,5,30,3,4-7,-79.9938801976812,40.4089690308947,APPROXIMATE
77693,2016-06-09T08:33:00,Dead Animal,Call Center,1,Animal Care & Control,Bon Air,4,18,42003562400,5,18,3,4-18,-80.0060107,40.4111044,EXACT
3516,2015-05-05T14:32:00,Refuse Violations,Call Center,1,DPW - Refuse,Crafton Heights,2,28,42003281400,5,28,6,1-17,-80.0501771718984,40.4460708789506,APPROXIMATE
239680,2018-04-16T13:29:00,Unpermitted Electrical Work,Control Panel,3,"Permits, Licenses and Inspections",East Hills,9,13,42003130600,2,13,5,3-19,-79.871765990351,40.4530539525155,APPROXIMATE
288849,2018-09-17T10:56:00,Missed Pick Up,Call Center,0,DPW - Refuse,Carrick,4,29,42003290200,3,29,3,4-12,-79.9826715479358,40.3914798943128,APPROXIMATE
6857,2015-05-29T09:51:00,Refuse Violations,Call Center,1,DPW - Refuse,Allegheny West,1,22,42003562700,1,22,1,1-7,-80.0142074952792,40.4509413981848,APPROXIMATE
103344,2016-09-10T12:10:00,Replace/Repair a Sign,Report2Gov iOS,1,DOMI - TrafficShop,East Liberty,9,8,42003111500,2,8,5,3-8,-79.923294,40.460861,EXACT
163488,2017-06-20T11:41:00,Mayor's Office,Call Center,1,311,,,,,,,,,,,OUT_OF_BOUNDS
80349,2016-06-17T15:36:00,Vacant Building,Control Panel,1,"Permits, Licenses and Inspections",Manchester,6,21,42003210700,1,21,1,1-8,-80.021371,40.456744,EXACT
356615,2019-07-01T13:30:00,Potholes,Website,1,DPW - Street Maintenance,Summer Hill,1,26,42003261200,1,26,1,1-15,-80.0151730146805,40.4989144408454,EXACT
288527,2018-09-14T12:45:00,Vacant Building,Control Panel,3,"Permits, Licenses and Inspections",Perry South,6,26,42003261500,1,26,1,1-23,-80.0105567,40.4726552,EXACT
212247,2018-01-24T10:26:00,Potholes,Call Center,1,DPW - Street Maintenance,Bloomfield,7,6,42003090300,2,6,2,3-6,-79.957961,40.4651835,EXACT
369081,2019-07-31T17:44:00,City Source (CDBG),Call Center,1,"City Source Associates, Inc.",South Side Slopes,3,16,42003160800,3,16,3,4-22,-79.9761226135972,40.4205755923646,APPROXIMATE
327049,2019-03-21T09:15:00,"Dumping, Private Property",Call Center,1,"Permits, Licenses and Inspections",Crafton Heights,2,28,42003281500,5,28,6,1-17,-80.0494391793506,40.4404420878523,APPROXIMATE
125283,2017-01-12T17:50:00,Homeless,Call Center,1,Mayor's Office - Community Affairs,Central Business District,6,1,42003020100,6,1,2,1-4,-79.9990269137695,40.4358451370198,EXACT
51023,2016-02-29T12:41:00,Curb /Broken/Deteriorated,Call Center,1,DOMI - Permits,,,,42003310200,,,,,-79.9188299,40.3654334,EXACT
129839,2017-02-02T14:29:00,Utility Cut - Other,Call Center,1,DOMI - Permits,California-Kirkbride,6,25,42003250700,1,25,1,1-9,-80.0170544,40.4596485,EXACT
156178,2017-05-24T08:12:00,Paving Request,Call Center,1,DOMI - Asphalt,East Hills,9,13,42003130600,2,13,5,3-17,-79.878922,40.454592,EXACT
179706,2017-08-16T08:20:00,Leak,Call Center,0,Pittsburgh Water and Sewer Authority,Knoxville,3,30,42003300100,5,30,3,4-6,-79.991441,40.4159282,EXACT
43585,2016-01-25T19:32:00,"Sidewalk, Lack of Snow/Ice Removal",Website,1,311,Regent Square,5,14,42003141000,3,14,4,2-16,-79.896619,40.4315659,EXACT
203426,2017-12-17T14:02:00,Leaves/Street Cleaning,Website,3,DPW - Street Maintenance,Carrick,4,29,42003290400,3,29,3,4-23,-79.9774173,40.3830132,EXACT
289722,2018-09-19T16:06:00,Building Maintenance,Call Center,0,"Permits, Licenses and Inspections",Elliott,2,20,42003562600,5,20,6,1-17,-80.0365028834335,40.4442340006464,APPROXIMATE
336425,2019-04-30T12:25:00,Tree Removal,Call Center,1,DPW - Forestry Division,Beechview,4,19,42003191600,5,19,6,4-28,-80.0296205,40.4135831,EXACT
35081,2015-11-23T09:14:00,Fire Safety System Not Working,Control Panel,1,"Permits, Licenses and Inspections",Brookline,4,19,42003191800,5,19,6,4-26,-80.0204188966599,40.3922943963043,APPROXIMATE
135423,2017-02-27T14:38:00,Litter,Call Center,1,DPW - Street Maintenance,Lower Lawrenceville,7,6,42003060300,2,6,2,3-6,-79.9602798,40.4648009,EXACT
376388,2019-08-23T10:47:00,Litter,Call Center,1,DPW - Street Maintenance,Marshall-Shadeland,1,27,42003271500,1,27,1,1-14,-80.0286108,40.4734112,EXACT
116925,2016-11-17T14:29:00,Building Without a Permit,Control Panel,1,"Permits, Licenses and Inspections",,,,,,,,,,,OUT_OF_BOUNDS
343720,2019-05-22T11:43:00,Weeds/Debris,Call Center,1,"Permits, Licenses and Inspections",Greenfield,5,15,42003151700,3,15,4,2-15,-79.9348806,40.4247995,EXACT
66189,2016-05-03T08:40:00,"Traffic or Pedestrian Signal, Request ",Website,1,DOMI - Traffic,Morningside,7,10,42003101400,2,10,5,3-7,-79.9255302,40.4883007,EXACT
261079,2018-06-19T13:46:00,Litter,Call Center,1,DPW - Street Maintenance,Bloomfield,7,9,42003090300,2,9,5,3-6,-79.9552144,40.4635929,EXACT
381550,2019-09-10T14:06:00,"Litter Can, Public",Call Center,1,DPW - Street Maintenance,Central Oakland,3,4,42003040600,3,4,4,2-11,-79.9504186,40.4383981,EXACT
25764,2015-09-29T16:17:00,"Catch Basin, Clogged",Call Center,1,Pittsburgh Water and Sewer Authority,Central Business District,6,2,42003020100,6,2,2,1-3,-80.0002539,40.4432105,EXACT
53017,2016-03-06T19:58:00,Refuse Violations,Report2Gov iOS,1,DPW - Refuse,Bon Air,4,18,42003562400,5,18,3,4-7,-79.9998965960805,40.4083396196069,APPROXIMATE
33534,2015-11-16T08:50:00,Potholes,Website,1,DPW - Street Maintenance,,,,,,,,,0,0,EXACT
241951,2018-04-23T14:56:00,Building Maintenance,Control Panel,1,"Permits, Licenses and Inspections",,,,,,,,,,,OUT_OF_BOUNDS
364977,2019-07-25T14:51:00,Stormwater Runoff,Call Center,3,"Permits, Licenses and Inspections",Point Breeze,8,14,42003140600,3,14,4,3-14,-79.9067575742793,40.4491066017455,APPROXIMATE
306859,2018-12-27T10:57:00,Traffic Shop ,Website,1,DOMI - TrafficShop,Brighton Heights,1,27,42003270800,1,27,1,1-14,-80.0297072974677,40.4865825907788,APPROXIMATE
370809,2019-08-06T14:26:00,Broken Sidewalk,Control Panel,1,"Permits, Licenses and Inspections",Central Business District,6,1,42003020100,6,1,2,1-4,-80.0000759,40.4368801,EXACT
132055,2017-02-15T10:15:00,Potholes,Call Center,1,DPW - Street Maintenance,Brookline,4,19,42003191700,5,19,6,4-26,-80.0129259,40.400749,EXACT
357900,2019-07-05T11:19:00,Missed Pick Up,Call Center,1,DPW - Refuse,Stanton Heights,9,10,42003100500,2,10,5,3-7,-79.9345205798076,40.4759061704563,APPROXIMATE
196045,2017-10-27T20:22:00,Illegal Parking,Website,3,Police - Zones 1-6,Central Northside,6,25,42003250300,1,25,1,1-21,-80.0119384206513,40.4587099900588,APPROXIMATE
258771,2018-06-13T11:36:00,Broken Sidewalk,Call Center,1,"Permits, Licenses and Inspections",Friendship,9,8,42003080700,2,8,5,3-23,-79.9319642,40.463747,EXACT
154710,2017-05-18T11:37:00,Operating Without a License,Control Panel,1,"Permits, Licenses and Inspections",Brookline,4,19,42003191800,5,19,6,4-26,-80.0226645,40.3952978,EXACT
368599,2019-07-30T16:53:00,"Catch Basin, Clogged",Call Center,1,Pittsburgh Water and Sewer Authority,Brookline,4,19,42003191700,5,19,6,4-28,-80.013999,40.410699,EXACT
379648,2019-09-04T10:40:00,Referral,Call Center,1,311,,,,,,,,,,,OUT_OF_BOUNDS
104528,2016-09-15T11:31:00,Fire Lane,Website,1,Fire Bureau,South Side Flats,3,16,42003160900,3,16,3,4-24,-79.9749223,40.4278346,EXACT
279930,2018-08-14T08:32:00,Illegal Parking,Call Center,1,Police - Zones 1-6,Allentown,3,18,42003180300,5,18,3,4-5,-79.9943436175109,40.4247378815228,APPROXIMATE
194864,2017-10-22T15:53:00,Dead Animal,Report2Gov iOS,1,Animal Care & Control,Friendship,9,8,42003080700,2,8,5,3-23,-79.934235,40.464626,EXACT
178507,2017-08-11T10:06:00,Rodent control,Call Center,1,Animal Care & Control,Carrick,4,29,42003290100,3,29,3,4-23,-79.9943565769023,40.4018471017257,APPROXIMATE
177533,2017-08-08T11:11:00,Weeds/Debris,Control Panel,1,"Permits, Licenses and Inspections",Upper Hill,6,5,42003050600,3,5,2,2-22,-79.96276,40.45362,EXACT
164287,2017-06-22T14:36:00,Weeds/Debris,Call Center,1,"Permits, Licenses and Inspections",Greenfield,5,15,42003151700,3,15,4,2-15,-79.9263234,40.4199244,EXACT
334304,2019-04-22T18:59:00,Paving Request,Website,1,DOMI - Asphalt,Carrick,4,29,42003290200,3,29,3,4-12,-79.9863068090149,40.3974480520845,EXACT
21754,2015-08-31T13:29:00,Rodent control,Call Center,1,Animal Care & Control,Polish Hill,7,6,42003060500,6,6,2,2-6,-79.9690449968617,40.4564899311556,APPROXIMATE
8726,2015-06-11T11:11:00,Missed Pick Up,Call Center,1,DPW - Refuse,South Side Flats,3,17,42003170200,3,17,3,4-24,-79.9795105007328,40.4269439581025,APPROXIMATE
209576,2018-01-16T17:38:00,Potholes,Website,1,DPW - Street Maintenance,Central Lawrenceville,7,9,42003090200,2,9,2,3-6,-79.9552345275879,40.4657396153145,EXACT
277859,2018-08-07T10:59:00,Building Maintenance,Control Panel,3,"Permits, Licenses and Inspections",East Liberty,9,8,42003111500,2,8,5,3-23,-79.9303410758997,40.461223910535,APPROXIMATE
361010,2019-07-15T10:25:00,Rodent control,Call Center,1,Animal Care & Control,Hazelwood,5,15,42003562900,3,15,4,2-13,-79.943031296871,40.4158795172176,APPROXIMATE
170777,2017-07-17T16:09:00,Fence Maintenance,Call Center,1,"Permits, Licenses and Inspections",Manchester,6,21,42003210700,1,21,1,1-8,-80.0237717721912,40.4533691003933,APPROXIMATE
266345,2018-07-05T14:26:00,Water/Drinking Fountains,Report2Gov Android,1,DPW - Facilities,Beechview,4,19,42003191600,5,19,6,4-28,-80.0186,40.4146,EXACT
247098,2018-05-10T08:22:00,City Source (CDBG),Call Center,1,"City Source Associates, Inc.",,,,,,,,,,,OUT_OF_BOUNDS
344955,2019-05-28T10:02:00,Potholes,Call Center,1,DPW - Street Maintenance,Morningside,7,10,42003101400,2,10,5,3-7,-79.9288774,40.4804861,EXACT
114653,2016-11-04T09:46:00,Illegal Parking,Website,1,Police - Zones 1-6,Central Business District,6,2,42003020100,6,2,2,1-3,-79.9982320751424,40.4418849809647,APPROXIMATE
281533,2018-08-20T07:51:00,Weeds/Debris,Website,3,"Permits, Licenses and Inspections",Lincoln-Lemington-Belmar,9,12,42003120300,2,12,5,3-15,-79.9003637030411,40.4652069437666,EXACT
249300,2018-05-16T15:53:00,Junk Vehicles,Call Center,3,"Permits, Licenses and Inspections",Beechview,4,19,42003191600,5,19,6,4-28,-80.0278651264646,40.4120186235975,APPROXIMATE
339452,2019-05-09T09:59:00,Building Maintenance,Call Center,3,"Permits, Licenses and Inspections",Greenfield,5,15,42003151700,3,15,4,2-15,-79.9279773231608,40.4228263607294,APPROXIMATE
293123,2018-10-03T17:01:00,Early Trash Set Out,Call Center,1,DPW - Refuse,Friendship,7,8,42003080700,2,8,5,3-23,-79.9348597135325,40.4595377373692,APPROXIMATE
154319,2017-05-17T11:01:00,City Facility,Website,1,DPW - Facilities,,,,,,,,,0,0,EXACT
339975,2019-05-10T13:35:00,Potholes,Call Center,0,DPW - Street Maintenance,Beechview,4,19,42003192000,5,19,6,4-28,-80.0310219,40.4026274,EXACT
291582,2018-09-27T13:42:00,Broken Sidewalk,Call Center,1,"Permits, Licenses and Inspections",Lincoln-Lemington-Belmar,9,12,42003120300,2,12,5,3-15,-79.9011856,40.4670541,EXACT
352931,2019-06-19T11:06:00,Building Without a Permit,Call Center,1,"Permits, Licenses and Inspections",East Liberty,9,11,42003111300,2,11,5,3-8,-79.9288459483977,40.4708664750794,APPROXIMATE
230044,2018-03-16T09:24:00,Potholes,Call Center,1,DPW - Street Maintenance,Squirrel Hill South,5,14,42003141400,3,14,4,2-15,-79.9238606,40.4200006,EXACT
181447,2017-08-23T08:51:00,Missed Pick Up,Call Center,1,DPW - Refuse,California-Kirkbride,6,21,42003250700,1,21,1,1-9,-80.0245659286321,40.4616770517778,APPROXIMATE
34847,2015-11-20T09:35:00,Recycling,Website,1,DPW - Refuse,Squirrel Hill South,5,14,42003140800,3,14,4,2-21,-79.9165310633955,40.4308893092356,APPROXIMATE
52484,2016-03-02T14:08:00,Missed Blue Bag,Call Center,1,DPW - Refuse,Beechview,4,19,42003191600,5,19,6,4-28,-80.0213346506013,40.4122857047933,APPROXIMATE
354467,2019-06-24T20:05:00,Other (please describe),Website,1,Animal Care & Control,Mt. Oliver,3,16,42003561700,3,16,3,4-8,-79.9796084477822,40.4109086017509,APPROXIMATE
225916,2018-02-28T15:16:00,Lights,Call Center,1,DPW - Park Maintenance,Crawford-Roberts,6,3,42003030500,3,3,2,2-1,-79.9830121552948,40.4445435507841,EXACT
195089,2017-10-23T15:53:00,Abandoned Vehicle (parked on street),Call Center,0,Police - AVU,Brighton Heights,1,27,42003270300,1,27,1,1-14,-80.0352868593364,40.4784463435026,APPROXIMATE
28242,2015-10-19T16:11:00,"Dumping, Private Property",Call Center,1,"Permits, Licenses and Inspections",Brookline,4,32,42003320600,5,32,6,4-25,-80.0026416043728,40.3988046729745,APPROXIMATE
325800,2019-03-15T12:32:00,Abandoned Vehicle (parked on street),Control Panel,0,Police - AVU,Perry North,1,26,42003260200,1,26,1,1-15,-80.0243941284107,40.4917629453113,APPROXIMATE
315018,2019-02-01T16:45:00,Snow/Ice removal,Call Center,1,DPW - Street Maintenance,Perry North,1,26,42003260700,1,26,1,1-15,-80.0108943,40.4820809,EXACT
20518,2015-08-21T12:32:00,Street Light - Repair,Website,1,Allegheny City Electric,Central Business District,6,2,42003020100,6,2,2,1-4,-80.0020999312134,40.4406595862955,EXACT
68991,2016-05-13T12:36:00,Potholes,Call Center,1,DPW - Street Maintenance,Strip District,7,2,42003020300,6,2,2,2-3,-79.9860585,40.449725,EXACT
346900,2019-06-02T13:09:00,Potholes,Website,1,DPW - Street Maintenance,Overbrook,4,32,42003320700,5,32,3,4-25,-80.0025826,40.3871321,EXACT
160327,2017-06-08T09:24:00,Weeds/Debris,Call Center,3,"Permits, Licenses and Inspections",Arlington,3,16,42003561600,3,16,3,4-8,-79.9763404,40.4158997,EXACT
241393,2018-04-20T15:26:00,Request New Sign,Call Center,1,DOMI - Traffic,Chateau,6,21,42003980600,1,21,1,1-8,-80.0235598,40.4506537,EXACT
2782,2015-04-30T10:51:00,Handicap Parking Signs,Call Center,1,DOMI - Traffic,Knoxville,3,30,42003300100,5,30,3,4-7,-79.993443997987,40.4128726223981,APPROXIMATE
248220,2018-05-14T12:31:00,Referral,Call Center,1,311,,,,,,,,,,,OUT_OF_BOUNDS
284617,2018-08-29T16:14:00,Boat/Trailer on Street,Website,1,Police - Zones 1-6,Carrick,4,29,42003290200,3,29,3,4-12,-79.9875251577091,40.3987403244151,APPROXIMATE
212056,2018-01-23T15:04:00,Vacant Building,Call Center,1,"Permits, Licenses and Inspections",Mount Washington,2,19,42003191400,5,19,3,4-27,-80.0122358110451,40.4244793209584,EXACT
279604,2018-08-13T11:17:00,Illegal Dumping,Call Center,1,DOMI - Permits,Fineview,1,25,42003250900,1,25,1,1-10,-80.003942398191,40.4644979504555,APPROXIMATE
142362,2017-03-31T08:48:00,Fire Safety System Not Working,Control Panel,1,"Permits, Licenses and Inspections",Squirrel Hill North,8,14,42003140300,3,14,4,2-18,-79.9246328917635,40.4396951680576,APPROXIMATE
6890,2015-05-29T11:17:00,Traffic,Call Center,1,DOMI - Traffic,Greenfield,5,15,42003151600,3,15,4,2-12,-79.9498055,40.4256594,EXACT
23296,2015-09-14T08:33:00,Curb /Angle Iron/Metal Exposed,Call Center,1,DPW - Street Maintenance,Beechview,4,19,42003192000,5,19,6,4-28,-80.0279774,40.4012491,EXACT
202845,2017-12-13T09:20:00,Snow/Ice removal,Call Center,1,DPW - Street Maintenance,Duquesne Heights,2,19,42003191100,5,19,3,4-1,-80.0252571,40.436682,EXACT
190128,2017-09-28T11:34:00,Mayor's Office,Call Center,1,311,,,,,,,,,,,OUT_OF_BOUNDS
160695,2017-06-09T10:31:00,Abandoned Vehicle (parked on street),Call Center,0,Police - AVU,Garfield,9,11,42003111400,2,11,5,3-8,-79.9295551486115,40.4673045818729,APPROXIMATE
196635,2017-11-01T10:27:00,Building Maintenance,Control Panel,1,"Permits, Licenses and Inspections",Central Northside,1,22,42003220600,1,22,1,1-21,-80.0125107389404,40.455513769304,APPROXIMATE
336957,2019-05-01T15:22:00,Weeds/Debris,Call Center,1,"Permits, Licenses and Inspections",Squirrel Hill South,5,14,42003141300,3,14,4,2-21,-79.930185,40.4356373,EXACT
54926,2016-03-14T16:32:00,"Overgrowth, Parks",Call Center,3,DPW - Park Maintenance,Carrick,4,29,42003290100,3,29,3,4-23,-79.9886533630965,40.3935670792267,APPROXIMATE
25173,2015-09-25T10:34:00,Overgrowth,Call Center,1,DPW - Street Maintenance,Beechview,4,19,42003192000,5,19,6,4-28,-80.0202632,40.4068457,EXACT
131551,2017-02-13T09:15:00,Weeds/Debris,Call Center,1,"Permits, Licenses and Inspections",Central Business District,6,1,42003020100,6,1,2,1-4,-80.0005169,40.438347,EXACT
159042,2017-06-05T07:54:00,Missed Pick Up,Call Center,1,DPW - Refuse,Windgap,2,28,42003563000,5,28,6,1-16,-80.0754722838313,40.4541614045361,APPROXIMATE
342879,2019-05-20T13:50:00,Refuse Violations,Control Panel,1,DPW - Refuse,Shadyside,8,7,42003070900,2,7,4,3-22,-79.9378820806928,40.4545347247557,APPROXIMATE
8759,2015-06-11T12:39:00,Playground,Call Center,1,DPW - Park Maintenance,Squirrel Hill South,5,14,42003980500,3,14,4,2-8,-79.9467534,40.43451,EXACT
41331,2016-01-13T09:21:00,Snow/Ice removal,Call Center,1,DPW - Street Maintenance,Greenfield,5,15,42003151700,3,15,4,2-15,-79.9359809,40.4248107,EXACT
139984,2017-03-20T11:16:00,Zoning Issue,Control Panel,1,"Permits, Licenses and Inspections",South Side Flats,3,17,42003170200,3,17,3,4-24,-79.9791398994044,40.4302186527963,APPROXIMATE
123560,2017-01-03T17:21:00,Refuse Violations,Call Center,1,DPW - Refuse,South Side Slopes,3,16,42003160800,3,16,3,4-22,-79.9685609205053,40.4193511007581,APPROXIMATE
100888,2016-08-30T12:19:00,Abandoned Vehicle (parked on street),Call Center,1,Police - AVU,South Side Slopes,3,17,42003170600,3,17,3,4-3,-79.9802750906312,40.4223438664492,APPROXIMATE
11544,2015-07-01T11:57:00,Replace/Repair a Sign,Call Center,1,DOMI - TrafficShop,Central Business District,6,2,42003020100,6,2,2,1-3,-79.9986633,40.4419522,EXACT
236868,2018-04-08T19:09:00,Potholes,Website,1,DPW - Street Maintenance,Hazelwood,5,15,42003562300,3,15,4,2-12,-79.9347259,40.4185769,EXACT
239055,2018-04-13T12:29:00,Sinkhole,Website,1,DPW - Street Maintenance,Bloomfield,7,9,42003090300,2,9,5,3-6,-79.9558138847351,40.4629806553051,EXACT
208030,2018-01-12T08:41:00,Drainage/Leak,Call Center,1,DPW - Street Maintenance,Central Northside,1,22,42003220600,1,22,1,1-21,-80.0086275,40.4551126,EXACT
65158,2016-04-28T08:17:00,Weeds/Debris,Call Center,1,"Permits, Licenses and Inspections",Overbrook,4,32,42003320400,5,32,3,4-23,-79.995732,40.3903075,EXACT
221052,2018-02-16T16:39:00,Potholes,Website,1,DPW - Street Maintenance,Brookline,4,19,42003191700,5,19,6,4-26,-80.0232936,40.4006291,EXACT
382613,2019-09-13T14:34:00,Fire Safety System Issue,Control Panel,3,,Morningside,7,10,42003101400,2,10,5,3-7,-79.9238457483676,40.4869033306024,APPROXIMATE
104325,2016-09-14T15:03:00,Potholes,Call Center,1,DPW - Street Maintenance,Spring Hill-City View,1,26,42003262000,1,26,1,1-11,-79.9905256,40.4670972,EXACT
319902,2019-02-20T10:40:00,Snow/Ice removal,Report2Gov iOS,1,DPW - Street Maintenance,South Side Slopes,3,16,42003160800,3,16,3,4-22,-79.969292,40.419376,EXACT
201970,2017-12-06T15:48:00,Smoke detectors,Call Center,1,Fire Bureau,Highland Park,7,11,42003110200,2,11,5,3-9,-79.9259959750036,40.4764277887936,APPROXIMATE
119005,2016-12-05T07:32:00,Refuse Violations,Call Center,1,DPW - Refuse,South Side Slopes,3,17,42003170600,3,17,3,4-5,-79.9896306346632,40.4256231905761,APPROXIMATE
168221,2017-07-07T15:58:00,Potholes,Call Center,1,DPW - Street Maintenance,Brighton Heights,1,27,42003270800,1,27,1,1-14,-80.031442,40.4886081,EXACT
270594,2018-07-16T10:24:00,Potholes,Call Center,1,DPW - Street Maintenance,Greenfield,5,15,42003151700,3,15,4,2-15,-79.9318355,40.4267702,EXACT
327430,2019-03-22T11:54:00,Fire Safety System Issue,Control Panel,3,,Central Business District,6,1,42003020100,6,1,2,1-4,-80.0035635309921,40.4389336899237,APPROXIMATE
159659,2017-06-06T11:20:00,Broken Sidewalk,Website,1,"Permits, Licenses and Inspections",South Oakland,3,4,42003040900,3,4,4,2-11,-79.956554,40.4347797,EXACT
290359,2018-09-22T13:16:00,Potholes,Report2Gov Android,1,DPW - Street Maintenance,Troy Hill,1,23,42003240600,1,23,1,1-5,-79.9926147982478,40.4532328340461,EXACT
284132,2018-08-28T11:56:00,Sidewalk Obstruction,Website,0,DOMI - Permits,Sheraden,2,20,42003202200,5,20,6,1-16,-80.0648537,40.4501714,EXACT
172104,2017-07-21T08:42:00,Missed Pick Up,Call Center,1,DPW - Refuse,Bloomfield,7,8,42003080200,2,8,5,3-1,-79.9520822430652,40.4618472594252,APPROXIMATE
124075,2017-01-05T18:48:00,Snow/Ice removal,Report2Gov iOS,1,DPW - Street Maintenance,Stanton Heights,9,10,42003100500,2,10,5,3-7,-79.936546,40.48048,EXACT
46669,2016-02-12T09:44:00,Snow/Ice removal,Call Center,1,DPW - Street Maintenance,Chartiers City,2,20,42003563000,5,20,6,1-16,-80.0697317,40.458185,EXACT
288859,2018-09-17T11:15:00,Weeds/Debris,Control Panel,1,"Permits, Licenses and Inspections",Central Oakland,3,4,42003040600,3,4,4,2-11,-79.9526593,40.435409,EXACT
330744,2019-04-08T08:29:00,Potholes,Call Center,1,DPW - Street Maintenance,East Liberty,7,8,42003111500,2,8,5,3-23,-79.9306561460327,40.4597144265907,EXACT
215470,2018-02-05T08:47:00,Snow/Ice removal,Call Center,1,DPW - Street Maintenance,Beechview,4,19,42003191600,5,19,6,4-28,-80.0283857,40.4117296,EXACT
87819,2016-07-13T16:00:00,Potholes,Website,1,DPW - Street Maintenance,South Side Slopes,3,17,42003170600,3,17,3,4-22,-79.9834227,40.4207368,EXACT
219117,2018-02-13T17:48:00,"Sidewalk, Lack of Snow/Ice Removal",Report2Gov iOS,1,311,Strip District,7,2,42003020300,6,2,2,2-3,-79.986832,40.449085,EXACT
20288,2015-08-20T08:00:00,Dead Animal,Call Center,1,Animal Care & Control,Middle Hill,6,5,42003050100,3,5,2,2-1,-79.9762296,40.4452851,EXACT
81945,2016-06-22T15:13:00,Rodent control,Call Center,1,Animal Care & Control,,,,,,,,,,,OUT_OF_BOUNDS
76278,2016-06-03T15:27:00,Overgrowth,Call Center,1,DPW - Street Maintenance,South Shore,3,17,42003980700,5,17,3,4-2,-79.9989132,40.4304878,EXACT
141013,2017-03-24T16:03:00,Potholes,Call Center,1,DPW - Street Maintenance,Carrick,4,29,42003290100,3,29,3,4-23,-79.9915918041992,40.4028155376922,EXACT
109449,2016-10-07T16:45:00,Early Set Out,Website,1,DPW - Refuse,,,,,,,,,,,OUT_OF_BOUNDS
277662,2018-08-06T17:27:00,Weeds/Debris,Call Center,1,"Permits, Licenses and Inspections",Homewood North,9,13,42003130100,2,13,5,3-17,-79.8991408199072,40.4592195531789,EXACT
352729,2019-06-18T17:02:00,Utility Cut - PWSA,Call Center,1,Pittsburgh Water and Sewer Authority,Troy Hill,1,24,42003240600,1,24,1,1-2,-79.9908418,40.4587085,EXACT
291612,2018-09-27T14:47:00,Curb/Request for Asphalt Windrow,Call Center,1,DPW - Street Maintenance,Overbrook,4,32,42003320700,5,32,3,4-25,-80.0022878,40.377669,EXACT
45425,2016-02-05T08:45:00,Fire Safety System Not Working,Control Panel,1,"Permits, Licenses and Inspections",Strip District,7,2,42003020300,6,2,2,2-25,-79.9802485745723,40.4541705307374,APPROXIMATE
156307,2017-05-24T11:10:00,Missed Pick Up,Call Center,1,DPW - Refuse,Brighton Heights,1,27,42003270100,1,27,1,1-14,-80.0388782623351,40.4840170132923,APPROXIMATE
327241,2019-03-21T15:57:00,City Source (CDBG),Call Center,1,"City Source Associates, Inc.",Brighton Heights,1,27,42003270100,1,27,1,1-14,-80.0388648043852,40.4837475256933,APPROXIMATE
375843,2019-08-22T08:35:00,Building Maintenance,Control Panel,3,"Permits, Licenses and Inspections",Polish Hill,7,6,42003060500,6,6,2,2-6,-79.9689814026418,40.4565838855203,APPROXIMATE
279131,2018-08-10T11:19:00,Potholes,Website,1,DPW - Street Maintenance,Greenfield,5,15,42003562300,3,15,4,2-12,-79.9291308740662,40.4194409125782,EXACT
284712,2018-08-30T08:35:00,Dead tree (Public property),Website,1,DPW - Forestry Division,Shadyside,8,7,42003070800,2,7,4,3-11,-79.9220174,40.4575454,EXACT
49161,2016-02-19T08:05:00,Litter,Call Center,1,DPW - Street Maintenance,Overbrook,4,32,42003320400,5,32,3,4-23,-79.9896331,40.378809,EXACT
137188,2017-03-07T11:36:00,Potholes,Call Center,1,DPW - Street Maintenance,Point Breeze North,9,14,42003140500,2,14,4,3-14,-79.9000855,40.4529339,EXACT
28428,2015-10-20T15:40:00,Barricades,Call Center,1,DPW - Street Maintenance,Highland Park,7,11,42003110600,2,11,5,3-9,-79.9190937,40.4700422,EXACT
44498,2016-02-01T13:02:00,Fire Safety System Not Working,Control Panel,1,"Permits, Licenses and Inspections",Squirrel Hill North,8,14,42003140300,3,14,4,2-18,-79.9248659855224,40.439914833284,APPROXIMATE
102844,2016-09-08T11:17:00,Potholes,Call Center,1,DPW - Street Maintenance,Manchester,6,21,42003210700,1,21,1,1-8,-80.0289767,40.4559651,EXACT
106422,2016-09-23T11:26:00,Recycling,Call Center,1,DPW - Refuse,Central Lawrenceville,7,9,42003090100,2,9,2,3-5,-79.9586102320001,40.476537567443,APPROXIMATE
378551,2019-08-30T07:54:00,Wires,Twitter,1,DOMI - Permits,Brighton Heights,1,27,42003270100,1,27,1,1-14,-80.0435261,40.482393,EXACT
140374,2017-03-21T16:04:00,Collapsed Catch Basin,Call Center,1,Pittsburgh Water and Sewer Authority,Mount Washington,3,18,42003180700,5,18,3,4-5,-80.0010725,40.4248681,EXACT
82929,2016-06-27T07:22:00,"Litter Can, Public",Call Center,1,DPW - Street Maintenance,Perry North,1,26,42003980400,1,26,1,1-15,-80.0117847,40.479715,EXACT
139902,2017-03-20T08:19:00,URA property,Call Center,1,,Central Northside,6,25,42003250300,1,25,1,1-21,-80.0121186408238,40.4584113604454,APPROXIMATE
144050,2017-04-09T02:29:00,Excessive Noise/Disturbances,Website,1,Police - Zones 1-6,Squirrel Hill South,5,14,42003141300,3,14,4,2-21,-79.9254198870164,40.4319031922256,APPROXIMATE
246950,2018-05-09T14:58:00,Potholes,Call Center,1,DPW - Street Maintenance,Lincoln-Lemington-Belmar,9,12,42003561900,2,12,5,3-18,-79.8889412,40.4677037,EXACT
96671,2016-08-15T15:28:00,Public Right of Way,Call Center,1,DPW - Street Maintenance,Hazelwood,5,15,42003562900,3,15,4,2-13,-79.944486,40.404899,EXACT
194780,2017-10-20T15:43:00,Sidewalk Obstruction,Call Center,0,DOMI - Permits,Central Business District,6,2,42003020100,6,2,2,1-3,-80.0027204,40.4416918,EXACT
264433,2018-06-27T19:55:00,Early Set Out,Website,1,DPW - Refuse,,,,,,,,,,,OUT_OF_BOUNDS
275482,2018-07-30T18:26:00,Public Right of Way,Website,0,DPW - Street Maintenance,Sheraden,2,20,42003202200,5,20,6,1-16,-80.0608812,40.4534923,EXACT
217845,2018-02-12T08:53:00,Refuse Violations,Call Center,1,DPW - Refuse,South Side Slopes,3,16,42003160800,3,16,3,4-24,-79.9676514403464,40.4227706746414,APPROXIMATE
311706,2019-01-22T08:53:00,Snow/Ice removal,Call Center,1,DPW - Street Maintenance,Crafton Heights,2,20,42003281400,5,20,6,1-16,-80.0514239,40.4494607,EXACT
277441,2018-08-06T12:15:00,Paving Concern/Problem,Call Center,1,DOMI - Asphalt,Carrick,4,29,42003290100,3,29,3,4-23,-79.991224,40.3974819,EXACT
245425,2018-05-04T09:49:00,Illegal Parking,Website,0,Police - Zones 1-6,,,,,,,,,,,OUT_OF_BOUNDS
151232,2017-05-05T15:15:00,Potholes,Call Center,1,DPW - Street Maintenance,New Homestead,5,31,42003310300,3,31,4,4-20,-79.9183363,40.3792769,EXACT
159486,2017-06-05T20:21:00,Abandoned Vehicle (parked on street),Website,0,Police - AVU,Allentown,3,18,42003180300,5,18,3,4-5,-79.994379436373,40.424817054902,APPROXIMATE
269335,2018-07-11T11:20:00,Sinkhole,Call Center,1,DPW - Street Maintenance,Larimer,9,12,42003120800,2,12,5,3-12,-79.9127863,40.4617492,EXACT
292046,2018-10-01T08:10:00,HVAC Not Functioning,Call Center,1,"Permits, Licenses and Inspections",Greenfield,5,15,42003151700,3,15,4,2-15,-79.9343403553425,40.4273348671118,APPROXIMATE
86780,2016-07-11T10:22:00,Unpermitted Electrical Work,Control Panel,1,"Permits, Licenses and Inspections",,,,,,,,,,,OUT_OF_BOUNDS
185613,2017-09-08T22:59:00,Excessive Noise/Disturbances,Website,0,Police - Zones 1-6,Shadyside,8,7,42003070500,2,7,4,3-11,-79.9307600836303,40.4537757732792,APPROXIMATE
249103,2018-05-16T11:13:00,Weeds/Debris,Call Center,1,"Permits, Licenses and Inspections",Carrick,4,29,42003290400,3,29,3,4-23,-79.9896199,40.3877346,EXACT
211723,2018-01-22T16:08:00,Sidewalk Obstruction,Website,1,DOMI - Permits,Lower Lawrenceville,7,6,42003060300,2,6,2,3-2,-79.9661083873108,40.4615642072204,EXACT
49601,2016-02-22T12:07:00,Refuse Violations,Call Center,1,DPW - Refuse,South Side Slopes,3,16,42003160800,3,16,3,4-22,-79.9689654003212,40.4191822060205,APPROXIMATE
375026,2019-08-20T10:29:00,Weeds/Debris,Call Center,3,"Permits, Licenses and Inspections",Marshall-Shadeland,1,27,42003271500,1,27,1,1-14,-80.0323482,40.4709347,EXACT
136679,2017-03-06T13:38:00,Junk Vehicles,Website,1,"Permits, Licenses and Inspections",Perry North,1,26,42003260200,1,26,1,1-15,-80.0243713735298,40.4917960221036,APPROXIMATE
232309,2018-03-22T14:22:00,Public Right of Way,Call Center,1,DPW - Street Maintenance,Greenfield,5,14,42003151600,3,14,4,2-12,-79.946996,40.4276709,EXACT
53472,2016-03-08T11:00:00,Broken Sidewalk,Control Panel,3,"Permits, Licenses and Inspections",Central Lawrenceville,7,9,42003090200,2,9,2,3-3,-79.9590259,40.4720892,EXACT
268047,2018-07-08T10:35:00,"Catch Basin, Clogged",Report2Gov iOS,1,Pittsburgh Water and Sewer Authority,Allentown,3,18,42003180300,5,18,3,4-6,-79.9922989153442,40.421707,EXACT
132726,2017-02-20T09:31:00,Litter,Control Panel,1,DPW - Street Maintenance,Shadyside,8,7,42003070300,2,7,4,3-22,-79.933564,40.4542319,EXACT
327803,2019-03-25T13:05:00,Potholes,Website,1,DPW - Street Maintenance,Perry North,1,26,42003260200,1,26,1,1-15,-80.0110678,40.4907556,EXACT
110958,2016-10-16T07:02:00,Excessive Noise/Disturbances,Report2Gov iOS,1,Police - Zones 1-6,East Allegheny,1,23,42003563200,1,23,1,1-5,-79.9971652141703,40.4573901877906,APPROXIMATE
85726,2016-07-06T15:59:00,Collapsed Catch Basin,Call Center,1,Pittsburgh Water and Sewer Authority,Spring Garden,1,24,42003241200,1,24,1,1-5,-79.9910956944427,40.4594805730916,EXACT
128064,2017-01-27T13:06:00,Unpermitted Fire System Work,Control Panel,3,"Permits, Licenses and Inspections",Marshall-Shadeland,1,27,42003271500,1,27,1,1-14,-80.0275314727774,40.4702933278071,APPROXIMATE
298319,2018-10-31T08:39:00,Illegal Dumping,Website,0,DOMI - Permits,Squirrel Hill South,5,14,42003140800,3,14,4,2-21,-79.9210288629801,40.4312719564122,APPROXIMATE
158427,2017-06-01T15:27:00,Dead tree (Public property),Call Center,1,DPW - Forestry Division,South Side Flats,3,17,42003170200,3,17,3,4-24,-79.9794872,40.4279208,EXACT
154809,2017-05-18T14:40:00,Brick/Block or Concrete Slab Repair,Call Center,1,DPW - Construction Division,Squirrel Hill North,8,14,42003140200,3,14,4,2-17,-79.9258204,40.4475405,EXACT
44143,2016-01-29T09:36:00,Potholes,Call Center,1,DPW - Street Maintenance,Hazelwood,5,15,42003562900,3,15,4,2-12,-79.9498492257172,40.4256319750887,EXACT
291583,2018-09-27T13:44:00,Wires,Control Panel,1,DOMI - Permits,Spring Hill-City View,1,24,42003262000,1,24,1,1-24,-79.9941882,40.4619052,EXACT
14468,2015-07-21T10:24:00,Dead Animal,Call Center,1,Animal Care & Control,Perry South,6,25,42003261400,1,25,1,1-10,-80.012578,40.462912,EXACT
105540,2016-09-20T09:51:00,Vacant Building,Control Panel,3,"Permits, Licenses and Inspections",Spring Hill-City View,1,24,42003262000,1,24,1,1-24,-79.994208,40.465497,EXACT
150994,2017-05-04T17:23:00,City Source (CDBG),Call Center,1,"City Source Associates, Inc.",Lincoln Place,5,31,42003310200,3,31,4,4-20,-79.9108204998442,40.3659136848123,APPROXIMATE
349918,2019-06-10T13:58:00,Potholes,Twitter,1,DPW - Street Maintenance,South Side Flats,3,16,42003160900,3,16,3,4-24,-79.9555561,40.4110191,EXACT
371125,2019-08-07T12:19:00,Potholes,Call Center,3,DPW - Street Maintenance,Esplen,2,20,42003562500,5,20,6,1-27,-80.039725,40.453094,EXACT
335707,2019-04-28T14:32:00,Potholes,Website,1,DPW - Street Maintenance,Beechview,4,19,42003191600,5,19,6,4-28,-80.0218971116394,40.4116003939711,EXACT
67629,2016-05-09T12:21:00,Weeds/Debris,Control Panel,1,"Permits, Licenses and Inspections",Manchester,6,21,42003210700,1,21,1,1-8,-80.0248370576027,40.4509799669102,EXACT
59297,2016-04-04T17:18:00,Abandoned Vehicle (parked on street),Call Center,1,Police - AVU,Beechview,4,19,42003191600,5,19,6,4-28,-80.0277265794467,40.4120050551199,APPROXIMATE
275011,2018-07-30T08:32:00,"Litter Can, Public",Call Center,1,DPW - Street Maintenance,Allegheny Center,1,22,42003562700,1,22,1,1-7,-80.0099076016052,40.4531127196786,EXACT
223497,2018-02-22T09:45:00,"Litter Can, Public",Call Center,1,DPW - Street Maintenance,Knoxville,3,30,42003300100,5,30,3,4-7,-79.9945237,40.4111863,EXACT
29476,2015-10-27T12:35:00,Pruning (city tree),Call Center,3,DPW - Forestry Division,Central Business District,6,2,42003020100,6,2,2,1-3,-79.995567,40.443774,EXACT
357877,2019-07-05T10:44:00,Drainage/Leak,Call Center,1,DPW - Street Maintenance,Lincoln-Lemington-Belmar,9,12,42003561900,2,12,5,3-18,-79.8944523,40.4713391,EXACT
25178,2015-09-25T10:53:00,Building (Residential)/DO NOT USE,Website,1,311,Homewood South,9,13,42003130400,2,13,5,3-17,-79.8893521241809,40.4508268404594,APPROXIMATE
376513,2019-08-23T13:53:00,Weeds/Debris,Call Center,1,"Permits, Licenses and Inspections",Carrick,4,29,42003290200,3,29,3,4-12,-79.9839463,40.3929583,EXACT
283032,2018-08-23T16:41:00,Weeds/Debris,Call Center,1,"Permits, Licenses and Inspections",Knoxville,3,30,42003300100,5,30,3,4-7,-79.9941119,40.4112256,EXACT
1480,2015-04-22T11:50:00,Potholes,Call Center,1,DPW - Street Maintenance,Central Lawrenceville,7,9,42003090200,2,9,2,3-3,-79.9548174,40.4678518,EXACT
101617,2016-09-01T14:21:00,Litter,Call Center,1,DPW - Street Maintenance,Carrick,4,29,42003290100,3,29,3,4-7,-79.9922799,40.403004,EXACT
114590,2016-11-03T21:52:00,Excessive Noise/Disturbances,Report2Gov iOS,1,Police - Zones 1-6,East Allegheny,1,23,42003563200,1,23,1,1-5,-79.997173776246,40.457229077728,APPROXIMATE
1397,2015-04-22T08:47:00,Replace/Repair a Sign,Call Center,1,DOMI - TrafficShop,Bluff,6,1,42003010300,3,1,2,2-4,-79.9897652864456,40.4344987924957,EXACT
310753,2019-01-16T08:14:00,Snow/Ice removal,Call Center,1,DPW - Street Maintenance,Mount Washington,3,18,42003180700,5,18,3,4-5,-80.0029552,40.4239236,EXACT
227124,2018-03-05T12:25:00,Potholes,Call Center,1,DPW - Street Maintenance,Larimer,9,12,42003120400,2,12,5,3-12,-79.9060394235565,40.4627134590547,EXACT
214682,2018-01-30T17:15:00,Snow/Ice removal,Call Center,1,DPW - Street Maintenance,South Oakland,3,4,42003040900,3,4,4,2-11,-79.9521997,40.4293012,EXACT
6124,2015-05-22T15:54:00,Potholes,Control Panel,1,DPW - Street Maintenance,North Oakland,8,4,42003982200,3,4,4,2-9,-79.9504479,40.4456998,EXACT
74604,2016-06-01T11:50:00,Request New Sign,Call Center,1,DOMI - Traffic,Brookline,4,32,42003320600,5,32,6,4-25,-80.00268,40.399684,EXACT
130662,2017-02-08T07:51:00,Litter,Call Center,1,DPW - Street Maintenance,Central Business District,6,2,42003020100,6,2,2,1-3,-79.995009,40.4421858,EXACT
118837,2016-12-02T12:41:00,Building Maintenance,Control Panel,3,"Permits, Licenses and Inspections",Hazelwood,5,15,42003562900,3,15,4,2-13,-79.94320835107,40.4155179937037,APPROXIMATE
302856,2018-11-28T10:40:00,Snow/Ice removal,Call Center,1,DPW - Street Maintenance,Perry North,1,26,42003260200,1,26,1,1-15,-80.0181739,40.487259,EXACT
194288,2017-10-18T16:48:00,Street Light - Repair,Call Center,1,Allegheny City Electric,South Oakland,3,4,42003040900,3,4,4,2-11,-79.9525217,40.4329306,EXACT
322295,2019-02-28T10:48:00,Vacant Building,Control Panel,1,"Permits, Licenses and Inspections",Carrick,4,29,42003290200,3,29,3,4-12,-79.9832467,40.3999974,EXACT
271169,2018-07-17T11:36:00,Paving Request,Call Center,1,DOMI - Asphalt,East Hills,9,13,42003130600,2,13,5,3-17,-79.8743301,40.4578639,EXACT
125903,2017-01-17T15:31:00,Potholes,Call Center,1,DPW - Street Maintenance,Homewood North,9,13,42003130100,2,13,5,3-18,-79.8945783,40.4617598,EXACT
23504,2015-09-14T18:42:00,Vacant Building,Website,1,"Permits, Licenses and Inspections",East Allegheny,1,23,42003563200,1,23,1,1-5,-79.9968685,40.4573087,EXACT
250907,2018-05-21T15:14:00,Missed Pick Up,Call Center,1,DPW - Refuse,,,,,,,,,,,OUT_OF_BOUNDS
5498,2015-05-19T09:53:00,Missed Pick Up,Call Center,1,DPW - Refuse,Windgap,2,28,42003563000,5,28,6,1-16,-80.0779108781931,40.4596796098535,APPROXIMATE
167229,2017-07-05T11:06:00,Board Up (PLI referral to DPW),Control Panel,1,DPW - Construction Division,Perry North,1,26,42003260700,1,26,1,1-15,-80.0127859528045,40.4859794111109,APPROXIMATE
367198,2019-07-26T10:39:00,Weeds/Debris,Call Center,1,"Permits, Licenses and Inspections",Beltzhoover,3,18,42003562400,5,18,3,4-21,-79.9993718,40.4145152,EXACT
34820,2015-11-20T08:32:00,Sidewalk Obstruction,Call Center,1,DOMI - Permits,Larimer,9,12,42003120800,2,12,5,3-10,-79.9173613,40.4634743,EXACT
166738,2017-07-02T15:06:00,Potholes,Website,1,DPW - Street Maintenance,Stanton Heights,7,10,42003101800,2,10,5,3-7,-79.9322553,40.4865304,EXACT
270436,2018-07-15T21:07:00,Building Maintenance,Website,1,"Permits, Licenses and Inspections",Sheraden,2,20,42003202200,5,20,6,1-16,-80.062314562497,40.4549384958044,APPROXIMATE
142137,2017-03-30T09:27:00,Manhole Cover ,Call Center,1,DOMI - Permits,Brighton Heights,1,27,42003270300,1,27,1,1-14,-80.041084,40.4800744,EXACT
254061,2018-05-30T16:09:00,Replace/Repair a Sign,Call Center,3,DOMI - TrafficShop,Mount Washington,2,19,42003191400,5,19,3,4-27,-80.0126576,40.4225357,EXACT
305415,2018-12-14T12:14:00,Replace/Repair a Sign,Call Center,1,DOMI - TrafficShop,South Side Slopes,3,16,42003160800,3,16,3,4-24,-79.9689032,40.4238053,EXACT
95276,2016-08-09T15:31:00,Weeds/Debris,Call Center,1,"Permits, Licenses and Inspections",Marshall-Shadeland,1,27,42003271500,1,27,1,1-14,-80.0273726,40.4781447,EXACT
76283,2016-06-03T15:34:00,Weeds/Debris,Call Center,1,"Permits, Licenses and Inspections",Squirrel Hill South,5,14,42003141400,3,14,4,2-21,-79.925443,40.42579,EXACT
154364,2017-05-17T12:09:00,Replace/Repair a Sign,Call Center,1,DOMI - TrafficShop,Perry South,6,26,42003261500,1,26,1,1-23,-80.0118769,40.4724933,EXACT
191970,2017-10-06T15:12:00,City Source (CDBG),Call Center,1,"City Source Associates, Inc.",Homewood West,9,12,42003120700,2,12,5,3-18,-79.9019218773515,40.4624013579929,APPROXIMATE
297257,2018-10-24T10:03:00,Wires,Call Center,1,DOMI - Permits,Beechview,4,19,42003192000,5,19,6,4-28,-80.023341,40.4074616,EXACT
257226,2018-06-08T11:09:00,Sewers,Call Center,1,Pittsburgh Water and Sewer Authority,Central Lawrenceville,7,9,42003090200,2,9,2,3-3,-79.95735,40.466892,EXACT
282588,2018-08-22T14:02:00,Unpermitted Electrical Work,Control Panel,3,"Permits, Licenses and Inspections",Central Business District,6,2,42003020100,6,2,2,1-3,-79.9980709443395,40.442139137099,APPROXIMATE
324088,2019-03-08T12:13:00,Weeds/Debris,Call Center,1,"Permits, Licenses and Inspections",South Side Flats,3,17,42003170200,3,17,3,4-24,-79.98372,40.4289685,EXACT
71250,2016-05-18T15:07:00,Patrol,Call Center,1,Police - Zones 1-6,East Hills,9,13,42003130600,2,13,5,3-19,-79.871411859163,40.4531746571785,APPROXIMATE
80209,2016-06-17T13:41:00,Unpermitted HVAC Work,Control Panel,1,"Permits, Licenses and Inspections",,,,,,,,,,,OUT_OF_BOUNDS
232560,2018-03-23T13:49:00,Traffic Shop ,Control Panel,1,DOMI - TrafficShop,Friendship,7,8,42003080700,2,8,5,3-23,-79.9350893788905,40.4591553386738,APPROXIMATE
58549,2016-03-31T10:55:00,Replace/Repair a Sign,Call Center,1,DOMI - TrafficShop,Brookline,4,19,42003191700,5,19,6,4-26,-80.014183,40.396222,EXACT
29879,2015-10-29T13:54:00,Potholes,Call Center,1,DPW - Street Maintenance,Stanton Heights,9,10,42003100500,2,10,5,3-7,-79.9400237,40.477091,EXACT
301346,2018-11-19T08:42:00,Dumpster (on Street),Call Center,3,DOMI - Permits,Central Business District,6,1,42003020100,6,1,2,1-4,-79.9983343,40.4384589,EXACT
222649,2018-02-20T14:28:00,Traffic,Report2Gov Android,0,Police - Zones 1-6,Beechview,4,19,42003191600,5,19,6,4-28,-80.0230517,40.414414,EXACT
41569,2016-01-13T13:18:00,Snow/Ice removal,Call Center,1,DPW - Street Maintenance,Beechview,4,19,42003191600,5,19,6,4-28,-80.0153307,40.4116275,EXACT
40069,2016-01-08T10:17:00,Building Maintenance,Control Panel,1,"Permits, Licenses and Inspections",Allentown,3,18,42003180300,5,18,3,4-6,-79.9929250241648,40.4190528141294,APPROXIMATE
294821,2018-10-10T17:20:00,Weeds/Debris,Call Center,3,"Permits, Licenses and Inspections",Mount Washington,2,19,42003191500,5,19,3,4-27,-80.0127761,40.4216981,EXACT
159183,2017-06-05T10:44:00,Weeds/Debris,Website,1,"Permits, Licenses and Inspections",Westwood,2,28,42003563100,5,28,6,1-18,-80.0477390085983,40.432561417373,EXACT
116055,2016-11-14T12:43:00,PWSA Billing or Shut Off,Website,1,Pittsburgh Water and Sewer Authority,South Side Slopes,3,17,42003170600,3,17,3,4-5,-79.9898284970695,40.4257468816527,APPROXIMATE
292752,2018-10-02T15:01:00,Fire Safety System Not Working,Control Panel,1,"Permits, Licenses and Inspections",Spring Garden,1,26,42003241200,1,26,1,1-11,-79.9896730620845,40.4739736439536,APPROXIMATE
234547,2018-04-02T13:45:00,Potholes,Call Center,1,DPW - Street Maintenance,Banksville,2,20,42003202300,5,20,6,4-9,-80.0402164055573,40.4022796635125,EXACT
38658,2015-12-28T11:39:00,Tree Issues,Control Panel,1,"Permits, Licenses and Inspections",Squirrel Hill North,8,14,42003140100,3,14,4,2-8,-79.934111437851,40.4432407469148,APPROXIMATE
332424,2019-04-14T01:54:00,Road,Website,0,DOMI - Permits,Central Northside,6,25,42003250300,1,25,1,1-21,-80.010369,40.4576508,EXACT
320350,2019-02-21T10:11:00,Potholes,Twitter,1,DPW - Street Maintenance,Swisshelm Park,5,14,42003141100,3,14,4,2-19,-79.9023886,40.4221466,EXACT
321291,2019-02-25T12:53:00,Potholes,Call Center,1,DPW - Street Maintenance,Shadyside,8,14,42003070300,3,14,4,2-26,-79.9371469,40.4478133,EXACT
34588,2015-11-18T16:05:00,Electrical Violation,Control Panel,3,"Permits, Licenses and Inspections",Regent Square,5,14,42003141000,3,14,4,2-16,-79.8978631738673,40.4330201436212,APPROXIMATE
218412,2018-02-12T15:14:00,Potholes,Call Center,1,DPW - Street Maintenance,Squirrel Hill South,5,14,42003980500,3,14,4,2-8,-79.9340473,40.4376939,EXACT
377492,2019-08-27T12:22:00,Weeds/Debris,Website,1,"Permits, Licenses and Inspections",South Side Flats,3,17,42003170200,3,17,3,4-2,-79.9896351183853,40.4272943471255,EXACT
193996,2017-10-17T16:29:00,Zoning Issue,Website,1,"Permits, Licenses and Inspections",Perry South,6,26,42003261500,1,26,1,1-23,-80.0098777082293,40.4733156686298,APPROXIMATE
196906,2017-11-02T13:45:00,Tree Removal,Website,1,DPW - Forestry Division,Regent Square,5,14,42003141000,3,14,4,2-16,-79.8958387,40.4354975,EXACT
272324,2018-07-20T09:50:00,Paving Concern/Problem,Website,1,DOMI - Asphalt,South Side Slopes,3,16,42003160800,3,16,3,4-22,-79.970488,40.4225458,EXACT
149893,2017-05-02T10:58:00,Patrol,Call Center,0,Police - Zones 1-6,Brookline,4,32,42003320600,5,32,6,4-25,-80.002650751028,40.398817235314,APPROXIMATE
376609,2019-08-23T16:01:00,City Source (CDBG),Control Panel,0,"City Source Associates, Inc.",Beltzhoover,3,18,42003562400,5,18,3,4-16,-80.0051191692932,40.4188840402956,APPROXIMATE
63139,2016-04-19T11:21:00,Junk Vehicles,Call Center,1,"Permits, Licenses and Inspections",Homewood South,9,13,42003130400,2,13,5,3-17,-79.8892263902776,40.4507737200005,APPROXIMATE
60003,2016-04-07T17:58:00,Manhole Cover ,Call Center,1,DOMI - Permits,Brookline,4,19,42003191700,5,19,6,4-28,-80.0184139,40.4056261,EXACT
381291,2019-09-10T08:01:00,Bicycle/Pedestrian Concerns,Report2Gov iOS,3,DOMI - Traffic,North Oakland,8,4,42003562000,3,4,4,2-7,-79.9560452335685,40.4484333304651,APPROXIMATE
326857,2019-03-20T11:52:00,"City Steps, Need Repaired",Call Center,0,DPW - Construction Division,Banksville,2,20,42003202300,5,20,6,4-9,-80.040528519574,40.4030797490017,EXACT
383089,2019-09-16T14:05:00,Request New Sign,Control Panel,0,DOMI - Traffic,Westwood,2,28,42003563100,5,28,6,1-18,-80.0488853,40.4300035,EXACT
325395,2019-03-14T09:49:00,Building Without a Permit,Call Center,1,"Permits, Licenses and Inspections",South Oakland,3,4,42003040900,3,4,4,2-11,-79.9555705144659,40.4319801302678,APPROXIMATE
162771,2017-06-16T16:13:00,Question,Call Center,1,311,Spring Hill-City View,1,26,42003262000,1,26,1,1-11,-79.9925641040256,40.4679795949935,APPROXIMATE
147800,2017-04-24T16:10:00,Abandoned Vehicle (parked on street),Report2Gov iOS,0,Police - AVU,Brighton Heights,1,27,42003270300,1,27,1,1-14,-80.0396162395579,40.4769843729668,APPROXIMATE
47090,2016-02-15T19:30:00,Snow/Ice removal,Website,1,DPW - Street Maintenance,Point Breeze,8,14,42003140400,3,14,4,2-17,-79.917375,40.447117,EXACT
227031,2018-03-05T10:49:00,Water Main Break,Call Center,1,Pittsburgh Water and Sewer Authority,Overbrook,4,32,42003320700,5,32,3,4-25,-79.9962079524994,40.3825455911176,EXACT
60741,2016-04-12T17:34:00,Missed Pick Up,Call Center,1,DPW - Refuse,Point Breeze,8,14,42003140400,3,14,4,2-17,-79.9141492286742,40.448050840507,APPROXIMATE
116610,2016-11-16T12:55:00,Leak,Website,1,Pittsburgh Water and Sewer Authority,North Oakland,8,4,42003982200,3,4,4,2-9,-79.950365,40.4451181103691,EXACT
183165,2017-08-29T13:05:00,Street Light - Repair,Control Panel,1,Allegheny City Electric,East Liberty,9,12,42003111500,2,12,5,3-13,-79.9189125209015,40.4586783465236,EXACT
269990,2018-07-12T19:32:00,Paving Concern/Problem,Report2Gov Android,1,DOMI - Asphalt,Overbrook,4,32,42003320400,5,32,3,4-23,-79.9911148,40.3808877,EXACT
